kind,currency,curve_code,bbg_ticker,internal_alias,maturity_years,tenor,source_file,file_mtime_utc
IRS,AUD,AUD-BBSW-3M,BBSW 3M INDEX,IRS_PAR_AUQ_SPOT_3M,0.25,3M,IRS/AUD-BBSW-3M/PAR/IRS_PAR_AUD-BBSW-3M.csv,2026-06-02T15:20:11+00:00
IRS,AUD,AUD-BBSW-3M,ADSWFQ BGN Curncy,IRS_PAR_AUQ_SPOT_6M,0.5,6M,IRS/AUD-BBSW-3M/PAR/IRS_PAR_AUD-BBSW-3M.csv,2026-06-02T15:20:11+00:00
IRS,AUD,AUD-BBSW-3M,ADSWIQ BGN Curncy,IRS_PAR_AUQ_SPOT_9M,0.75,9M,IRS/AUD-BBSW-3M/PAR/IRS_PAR_AUD-BBSW-3M.csv,2026-06-02T15:20:11+00:00
IRS,AUD,AUD-BBSW-3M,ADSWAP1Q BGN Curncy,IRS_PAR_AUQ_SPOT_1Y,1,1Y,IRS/AUD-BBSW-3M/PAR/IRS_PAR_AUD-BBSW-3M.csv,2026-06-02T15:20:11+00:00
IRS,AUD,AUD-BBSW-3M,ADSW1FQ BGN Curncy,IRS_PAR_AUQ_SPOT_18M,1.5,18M,IRS/AUD-BBSW-3M/PAR/IRS_PAR_AUD-BBSW-3M.csv,2026-06-02T15:20:11+00:00
IRS,AUD,AUD-BBSW-3M,ADSWAP2Q BGN Curncy,IRS_PAR_AUQ_SPOT_2Y,2,2Y,IRS/AUD-BBSW-3M/PAR/IRS_PAR_AUD-BBSW-3M.csv,2026-06-02T15:20:11+00:00
IRS,AUD,AUD-BBSW-3M,ADSWAP3Q BGN Curncy,IRS_PAR_AUQ_SPOT_3Y,3,3Y,IRS/AUD-BBSW-3M/PAR/IRS_PAR_AUD-BBSW-3M.csv,2026-06-02T15:20:11+00:00
IRS,AUD,AUD-BBSW-3M,ADSWAP4Q BGN Curncy,IRS_PAR_AUQ_SPOT_4Y,4,4Y,IRS/AUD-BBSW-3M/PAR/IRS_PAR_AUD-BBSW-3M.csv,2026-06-02T15:20:11+00:00
IRS,AUD,AUD-BBSW-3M,ADSWAP5Q BGN Curncy,IRS_PAR_AUQ_SPOT_5Y,5,5Y,IRS/AUD-BBSW-3M/PAR/IRS_PAR_AUD-BBSW-3M.csv,2026-06-02T15:20:11+00:00
IRS,AUD,AUD-BBSW-3M,ADSWAP6Q BGN Curncy,IRS_PAR_AUQ_SPOT_6Y,6,6Y,IRS/AUD-BBSW-3M/PAR/IRS_PAR_AUD-BBSW-3M.csv,2026-06-02T15:20:11+00:00
IRS,AUD,AUD-BBSW-3M,ADSWAP7Q BGN Curncy,IRS_PAR_AUQ_SPOT_7Y,7,7Y,IRS/AUD-BBSW-3M/PAR/IRS_PAR_AUD-BBSW-3M.csv,2026-06-02T15:20:11+00:00
IRS,AUD,AUD-BBSW-3M,ADSWAP10Q BGN Curncy,IRS_PAR_AUQ_SPOT_10Y,10,10Y,IRS/AUD-BBSW-3M/PAR/IRS_PAR_AUD-BBSW-3M.csv,2026-06-02T15:20:11+00:00
IRS,AUD,AUD-BBSW-3M,ADSWAP12Q BGN Curncy,IRS_PAR_AUQ_SPOT_12Y,12,12Y,IRS/AUD-BBSW-3M/PAR/IRS_PAR_AUD-BBSW-3M.csv,2026-06-02T15:20:11+00:00
IRS,AUD,AUD-BBSW-3M,ADSWAP15Q BGN Curncy,IRS_PAR_AUQ_SPOT_15Y,15,15Y,IRS/AUD-BBSW-3M/PAR/IRS_PAR_AUD-BBSW-3M.csv,2026-06-02T15:20:11+00:00
IRS,AUD,AUD-BBSW-3M,ADSWAP20Q BGN Curncy,IRS_PAR_AUQ_SPOT_20Y,20,20Y,IRS/AUD-BBSW-3M/PAR/IRS_PAR_AUD-BBSW-3M.csv,2026-06-02T15:20:11+00:00
IRS,AUD,AUD-BBSW-3M,ADSWAP25Q BGN Curncy,IRS_PAR_AUQ_SPOT_25Y,25,25Y,IRS/AUD-BBSW-3M/PAR/IRS_PAR_AUD-BBSW-3M.csv,2026-06-02T15:20:11+00:00
IRS,AUD,AUD-BBSW-3M,ADSWAP30Q BGN Curncy,IRS_PAR_AUQ_SPOT_30Y,30,30Y,IRS/AUD-BBSW-3M/PAR/IRS_PAR_AUD-BBSW-3M.csv,2026-06-02T15:20:11+00:00
IRS,AUD,AUD-BBSW-6M,SD0302P 6M BLC3 Curncy,IRS_PAR_AUQ_SPOT_6M,0.5,6M,IRS/AUD-BBSW-6M/PAR/IRS_PAR_AUD-BBSW-6M.csv,2026-06-02T15:20:11+00:00
IRS,AUD,AUD-BBSW-6M,SD0302P 9m BLC3 Curncy,IRS_PAR_AUQ_SPOT_9M,0.75,9M,IRS/AUD-BBSW-6M/PAR/IRS_PAR_AUD-BBSW-6M.csv,2026-06-02T15:20:11+00:00
IRS,AUD,AUD-BBSW-6M,SD0302P 1Y BLC3 Curncy,IRS_PAR_AUQ_SPOT_1Y,1,1Y,IRS/AUD-BBSW-6M/PAR/IRS_PAR_AUD-BBSW-6M.csv,2026-06-02T15:20:11+00:00
IRS,AUD,AUD-BBSW-6M,SD0302P 15m BLC3 Curncy,IRS_PAR_AUQ_SPOT_15M,1.25,15M,IRS/AUD-BBSW-6M/PAR/IRS_PAR_AUD-BBSW-6M.csv,2026-06-02T15:20:11+00:00
IRS,AUD,AUD-BBSW-6M,SD0302P 18m BLC3 Curncy,IRS_PAR_AUQ_SPOT_18M,1.5,18M,IRS/AUD-BBSW-6M/PAR/IRS_PAR_AUD-BBSW-6M.csv,2026-06-02T15:20:11+00:00
IRS,AUD,AUD-BBSW-6M,SD0302P 2Y BLC3 Curncy,IRS_PAR_AUQ_SPOT_2Y,2,2Y,IRS/AUD-BBSW-6M/PAR/IRS_PAR_AUD-BBSW-6M.csv,2026-06-02T15:20:11+00:00
IRS,AUD,AUD-BBSW-6M,SD0302P 3Y BLC3 Curncy,IRS_PAR_AUQ_SPOT_3Y,3,3Y,IRS/AUD-BBSW-6M/PAR/IRS_PAR_AUD-BBSW-6M.csv,2026-06-02T15:20:11+00:00
IRS,AUD,AUD-BBSW-6M,SD0302P 4Y BLC3 Curncy,IRS_PAR_AUQ_SPOT_4Y,4,4Y,IRS/AUD-BBSW-6M/PAR/IRS_PAR_AUD-BBSW-6M.csv,2026-06-02T15:20:11+00:00
IRS,AUD,AUD-BBSW-6M,SD0302P 5Y BLC3 Curncy,IRS_PAR_AUQ_SPOT_5Y,5,5Y,IRS/AUD-BBSW-6M/PAR/IRS_PAR_AUD-BBSW-6M.csv,2026-06-02T15:20:11+00:00
IRS,AUD,AUD-BBSW-6M,SD0302P 6Y BLC3 Curncy,IRS_PAR_AUQ_SPOT_6Y,6,6Y,IRS/AUD-BBSW-6M/PAR/IRS_PAR_AUD-BBSW-6M.csv,2026-06-02T15:20:11+00:00
IRS,AUD,AUD-BBSW-6M,SD0302P 7Y BLC3 Curncy,IRS_PAR_AUQ_SPOT_7Y,7,7Y,IRS/AUD-BBSW-6M/PAR/IRS_PAR_AUD-BBSW-6M.csv,2026-06-02T15:20:11+00:00
IRS,AUD,AUD-BBSW-6M,SD0302P 8Y BLC3 Curncy,IRS_PAR_AUQ_SPOT_8Y,8,8Y,IRS/AUD-BBSW-6M/PAR/IRS_PAR_AUD-BBSW-6M.csv,2026-06-02T15:20:11+00:00
IRS,AUD,AUD-BBSW-6M,SD0302P 9Y BLC3 Curncy,IRS_PAR_AUQ_SPOT_9Y,9,9Y,IRS/AUD-BBSW-6M/PAR/IRS_PAR_AUD-BBSW-6M.csv,2026-06-02T15:20:11+00:00
IRS,AUD,AUD-BBSW-6M,SD0302P 10Y BLC3 Curncy,IRS_PAR_AUQ_SPOT_10Y,10,10Y,IRS/AUD-BBSW-6M/PAR/IRS_PAR_AUD-BBSW-6M.csv,2026-06-02T15:20:11+00:00
IRS,AUD,AUD-BBSW-6M,SD0302P 12Y BLC3 Curncy,IRS_PAR_AUQ_SPOT_12Y,12,12Y,IRS/AUD-BBSW-6M/PAR/IRS_PAR_AUD-BBSW-6M.csv,2026-06-02T15:20:11+00:00
IRS,AUD,AUD-BBSW-6M,SD0302P 15Y BLC3 Curncy,IRS_PAR_AUQ_SPOT_15Y,15,15Y,IRS/AUD-BBSW-6M/PAR/IRS_PAR_AUD-BBSW-6M.csv,2026-06-02T15:20:11+00:00
IRS,AUD,AUD-BBSW-6M,SD0302P 20Y BLC3 Curncy,IRS_PAR_AUQ_SPOT_20Y,20,20Y,IRS/AUD-BBSW-6M/PAR/IRS_PAR_AUD-BBSW-6M.csv,2026-06-02T15:20:11+00:00
IRS,AUD,AUD-BBSW-6M,SD0302P 25Y BLC3 Curncy,IRS_PAR_AUQ_SPOT_25Y,25,25Y,IRS/AUD-BBSW-6M/PAR/IRS_PAR_AUD-BBSW-6M.csv,2026-06-02T15:20:11+00:00
IRS,AUD,AUD-BBSW-6M,SD0302P 30Y BLC3 Curncy,IRS_PAR_AUQ_SPOT_30Y,30,30Y,IRS/AUD-BBSW-6M/PAR/IRS_PAR_AUD-BBSW-6M.csv,2026-06-02T15:20:11+00:00
IRS,CNO,CNO-REPO-7D,CNRR007 Index,IRS_PAR_CNO_SPOT_1W,0.019230769,1W,IRS/CNO-REPO-7D/PAR/IRS_PAR_CNO-REPO-7D.csv,2026-06-02T15:20:10+00:00
IRS,CNO,CNO-REPO-7D,CCSWOA CMPN CURNCY,IRS_PAR_CNO_SPOT_1M,0.083333333,1M,IRS/CNO-REPO-7D/PAR/IRS_PAR_CNO-REPO-7D.csv,2026-06-02T15:20:10+00:00
IRS,CNO,CNO-REPO-7D,CCSWOC CMPN CURNCY,IRS_PAR_CNO_SPOT_3M,0.25,3M,IRS/CNO-REPO-7D/PAR/IRS_PAR_CNO-REPO-7D.csv,2026-06-02T15:20:10+00:00
IRS,CNO,CNO-REPO-7D,CCSWOF CMPN CURNCY,IRS_PAR_CNO_SPOT_6M,0.5,6M,IRS/CNO-REPO-7D/PAR/IRS_PAR_CNO-REPO-7D.csv,2026-06-02T15:20:10+00:00
IRS,CNO,CNO-REPO-7D,CCSWOI CMPN CURNCY,IRS_PAR_CNO_SPOT_9M,0.75,9M,IRS/CNO-REPO-7D/PAR/IRS_PAR_CNO-REPO-7D.csv,2026-06-02T15:20:10+00:00
IRS,CNO,CNO-REPO-7D,CCSWO1 CMPN CURNCY,IRS_PAR_CNO_SPOT_1Y,1,1Y,IRS/CNO-REPO-7D/PAR/IRS_PAR_CNO-REPO-7D.csv,2026-06-02T15:20:10+00:00
IRS,CNO,CNO-REPO-7D,CCSWO2 CMPN CURNCY,IRS_PAR_CNO_SPOT_2Y,2,2Y,IRS/CNO-REPO-7D/PAR/IRS_PAR_CNO-REPO-7D.csv,2026-06-02T15:20:10+00:00
IRS,CNO,CNO-REPO-7D,CCSWO3 CMPN CURNCY,IRS_PAR_CNO_SPOT_3Y,3,3Y,IRS/CNO-REPO-7D/PAR/IRS_PAR_CNO-REPO-7D.csv,2026-06-02T15:20:10+00:00
IRS,CNO,CNO-REPO-7D,CCSWO4 CMPN CURNCY,IRS_PAR_CNO_SPOT_4Y,4,4Y,IRS/CNO-REPO-7D/PAR/IRS_PAR_CNO-REPO-7D.csv,2026-06-02T15:20:10+00:00
IRS,CNO,CNO-REPO-7D,CCSWO5 CMPN CURNCY,IRS_PAR_CNO_SPOT_5Y,5,5Y,IRS/CNO-REPO-7D/PAR/IRS_PAR_CNO-REPO-7D.csv,2026-06-02T15:20:10+00:00
IRS,CNO,CNO-REPO-7D,CCSWO7 CMPN CURNCY,IRS_PAR_CNO_SPOT_7Y,7,7Y,IRS/CNO-REPO-7D/PAR/IRS_PAR_CNO-REPO-7D.csv,2026-06-02T15:20:10+00:00
IRS,CNO,CNO-REPO-7D,CCSWO10 CMPN CURNCY,IRS_PAR_CNO_SPOT_10Y,10,10Y,IRS/CNO-REPO-7D/PAR/IRS_PAR_CNO-REPO-7D.csv,2026-06-02T15:20:10+00:00
IRS,CNY,CNY-REPO-7D,CNRR007 Index,IRS_PAR_CNY_SPOT_1W,0.019230769,1W,IRS/CNY-REPO-7D/PAR/IRS_PAR_CNY-REPO-7D.csv,2026-06-02T15:20:10+00:00
IRS,CNY,CNY-REPO-7D,CCSWNIA CMPN CURNCY,IRS_PAR_CNY_SPOT_1M,0.083333333,1M,IRS/CNY-REPO-7D/PAR/IRS_PAR_CNY-REPO-7D.csv,2026-06-02T15:20:10+00:00
IRS,CNY,CNY-REPO-7D,CCSWNIC CMPN CURNCY,IRS_PAR_CNY_SPOT_3M,0.25,3M,IRS/CNY-REPO-7D/PAR/IRS_PAR_CNY-REPO-7D.csv,2026-06-02T15:20:10+00:00
IRS,CNY,CNY-REPO-7D,CCSWNIF CMPN CURNCY,IRS_PAR_CNY_SPOT_6M,0.5,6M,IRS/CNY-REPO-7D/PAR/IRS_PAR_CNY-REPO-7D.csv,2026-06-02T15:20:10+00:00
IRS,CNY,CNY-REPO-7D,CCSWNII CMPN CURNCY,IRS_PAR_CNY_SPOT_9M,0.75,9M,IRS/CNY-REPO-7D/PAR/IRS_PAR_CNY-REPO-7D.csv,2026-06-02T15:20:10+00:00
IRS,CNY,CNY-REPO-7D,CCSWNI1 CMPN CURNCY,IRS_PAR_CNY_SPOT_1Y,1,1Y,IRS/CNY-REPO-7D/PAR/IRS_PAR_CNY-REPO-7D.csv,2026-06-02T15:20:10+00:00
IRS,CNY,CNY-REPO-7D,CCSWNI2 CMPN CURNCY,IRS_PAR_CNY_SPOT_2Y,2,2Y,IRS/CNY-REPO-7D/PAR/IRS_PAR_CNY-REPO-7D.csv,2026-06-02T15:20:10+00:00
IRS,CNY,CNY-REPO-7D,CCSWNI3 CMPN CURNCY,IRS_PAR_CNY_SPOT_3Y,3,3Y,IRS/CNY-REPO-7D/PAR/IRS_PAR_CNY-REPO-7D.csv,2026-06-02T15:20:10+00:00
IRS,CNY,CNY-REPO-7D,CCSWNI4 CMPN CURNCY,IRS_PAR_CNY_SPOT_4Y,4,4Y,IRS/CNY-REPO-7D/PAR/IRS_PAR_CNY-REPO-7D.csv,2026-06-02T15:20:10+00:00
IRS,CNY,CNY-REPO-7D,CCSWNI5 CMPN CURNCY,IRS_PAR_CNY_SPOT_5Y,5,5Y,IRS/CNY-REPO-7D/PAR/IRS_PAR_CNY-REPO-7D.csv,2026-06-02T15:20:10+00:00
IRS,CNY,CNY-REPO-7D,CCSWNI6 CMPN CURNCY,IRS_PAR_CNY_SPOT_6Y,6,6Y,IRS/CNY-REPO-7D/PAR/IRS_PAR_CNY-REPO-7D.csv,2026-06-02T15:20:10+00:00
IRS,CNY,CNY-REPO-7D,CCSWNI7 CMPN CURNCY,IRS_PAR_CNY_SPOT_7Y,7,7Y,IRS/CNY-REPO-7D/PAR/IRS_PAR_CNY-REPO-7D.csv,2026-06-02T15:20:10+00:00
IRS,CNY,CNY-REPO-7D,CCSWNI10 CMPN CURNCY,IRS_PAR_CNY_SPOT_10Y,10,10Y,IRS/CNY-REPO-7D/PAR/IRS_PAR_CNY-REPO-7D.csv,2026-06-02T15:20:10+00:00
IRS,EUR,EUR-EURIBOR-3M,EUR003M Index,IRS_PAR_EUQ_SPOT_3M,0.25,3M,IRS/EUR-EURIBOR-3M/PAR/IRS_PAR_EUR-EURIBOR-3M.csv,2026-06-02T15:20:13+00:00
IRS,EUR,EUR-EURIBOR-3M,EUSWFV3 CMPN Curncy,IRS_PAR_EUQ_SPOT_6M,0.5,6M,IRS/EUR-EURIBOR-3M/PAR/IRS_PAR_EUR-EURIBOR-3M.csv,2026-06-02T15:20:13+00:00
IRS,EUR,EUR-EURIBOR-3M,EUSW1V3 CMPN Curncy,IRS_PAR_EUQ_SPOT_1Y,1,1Y,IRS/EUR-EURIBOR-3M/PAR/IRS_PAR_EUR-EURIBOR-3M.csv,2026-06-02T15:20:13+00:00
IRS,EUR,EUR-EURIBOR-3M,EUSW2V3 CMPN Curncy,IRS_PAR_EUQ_SPOT_2Y,2,2Y,IRS/EUR-EURIBOR-3M/PAR/IRS_PAR_EUR-EURIBOR-3M.csv,2026-06-02T15:20:13+00:00
IRS,EUR,EUR-EURIBOR-3M,EUSW3V3 CMPN Curncy,IRS_PAR_EUQ_SPOT_3Y,3,3Y,IRS/EUR-EURIBOR-3M/PAR/IRS_PAR_EUR-EURIBOR-3M.csv,2026-06-02T15:20:13+00:00
IRS,EUR,EUR-EURIBOR-3M,EUSW4V3 CMPN Curncy,IRS_PAR_EUQ_SPOT_4Y,4,4Y,IRS/EUR-EURIBOR-3M/PAR/IRS_PAR_EUR-EURIBOR-3M.csv,2026-06-02T15:20:13+00:00
IRS,EUR,EUR-EURIBOR-3M,EUSW5V3 CMPN Curncy,IRS_PAR_EUQ_SPOT_5Y,5,5Y,IRS/EUR-EURIBOR-3M/PAR/IRS_PAR_EUR-EURIBOR-3M.csv,2026-06-02T15:20:13+00:00
IRS,EUR,EUR-EURIBOR-3M,EUSW6V3 CMPN Curncy,IRS_PAR_EUQ_SPOT_6Y,6,6Y,IRS/EUR-EURIBOR-3M/PAR/IRS_PAR_EUR-EURIBOR-3M.csv,2026-06-02T15:20:13+00:00
IRS,EUR,EUR-EURIBOR-3M,EUSW7V3 CMPN Curncy,IRS_PAR_EUQ_SPOT_7Y,7,7Y,IRS/EUR-EURIBOR-3M/PAR/IRS_PAR_EUR-EURIBOR-3M.csv,2026-06-02T15:20:13+00:00
IRS,EUR,EUR-EURIBOR-3M,EUSW8V3 CMPN Curncy,IRS_PAR_EUQ_SPOT_8Y,8,8Y,IRS/EUR-EURIBOR-3M/PAR/IRS_PAR_EUR-EURIBOR-3M.csv,2026-06-02T15:20:13+00:00
IRS,EUR,EUR-EURIBOR-3M,EUSW9V3 CMPN Curncy,IRS_PAR_EUQ_SPOT_9Y,9,9Y,IRS/EUR-EURIBOR-3M/PAR/IRS_PAR_EUR-EURIBOR-3M.csv,2026-06-02T15:20:13+00:00
IRS,EUR,EUR-EURIBOR-3M,EUSW10V3 CMPN Curncy,IRS_PAR_EUQ_SPOT_10Y,10,10Y,IRS/EUR-EURIBOR-3M/PAR/IRS_PAR_EUR-EURIBOR-3M.csv,2026-06-02T15:20:13+00:00
IRS,EUR,EUR-EURIBOR-3M,EUSW11V3 CMPN Curncy,IRS_PAR_EUQ_SPOT_11Y,11,11Y,IRS/EUR-EURIBOR-3M/PAR/IRS_PAR_EUR-EURIBOR-3M.csv,2026-06-02T15:20:13+00:00
IRS,EUR,EUR-EURIBOR-3M,EUSW12V3 CMPN Curncy,IRS_PAR_EUQ_SPOT_12Y,12,12Y,IRS/EUR-EURIBOR-3M/PAR/IRS_PAR_EUR-EURIBOR-3M.csv,2026-06-02T15:20:13+00:00
IRS,EUR,EUR-EURIBOR-3M,EUSW15V3 CMPN Curncy,IRS_PAR_EUQ_SPOT_15Y,15,15Y,IRS/EUR-EURIBOR-3M/PAR/IRS_PAR_EUR-EURIBOR-3M.csv,2026-06-02T15:20:13+00:00
IRS,EUR,EUR-EURIBOR-3M,EUSW18V3 CMPN Curncy,IRS_PAR_EUQ_SPOT_18Y,18,18Y,IRS/EUR-EURIBOR-3M/PAR/IRS_PAR_EUR-EURIBOR-3M.csv,2026-06-02T15:20:13+00:00
IRS,EUR,EUR-EURIBOR-3M,EUSW20V3 CMPN Curncy,IRS_PAR_EUQ_SPOT_20Y,20,20Y,IRS/EUR-EURIBOR-3M/PAR/IRS_PAR_EUR-EURIBOR-3M.csv,2026-06-02T15:20:13+00:00
IRS,EUR,EUR-EURIBOR-3M,EUSW25V3 CMPN Curncy,IRS_PAR_EUQ_SPOT_25Y,25,25Y,IRS/EUR-EURIBOR-3M/PAR/IRS_PAR_EUR-EURIBOR-3M.csv,2026-06-02T15:20:13+00:00
IRS,EUR,EUR-EURIBOR-3M,EUSW30V3 CMPN Curncy,IRS_PAR_EUQ_SPOT_30Y,30,30Y,IRS/EUR-EURIBOR-3M/PAR/IRS_PAR_EUR-EURIBOR-3M.csv,2026-06-02T15:20:13+00:00
IRS,EUR,EUR-EURIBOR-3M,EUSW35V3 CMPN Curncy,IRS_PAR_EUQ_SPOT_35Y,35,35Y,IRS/EUR-EURIBOR-3M/PAR/IRS_PAR_EUR-EURIBOR-3M.csv,2026-06-02T15:20:13+00:00
IRS,EUR,EUR-EURIBOR-3M,EUSW40V3 CMPN Curncy,IRS_PAR_EUQ_SPOT_40Y,40,40Y,IRS/EUR-EURIBOR-3M/PAR/IRS_PAR_EUR-EURIBOR-3M.csv,2026-06-02T15:20:13+00:00
IRS,EUR,EUR-EURIBOR-6M,EUR006M Index,IRS_PAR_EUS_SPOT_6M,0.5,6M,IRS/EUR-EURIBOR-6M/PAR/IRS_PAR_EUR-EURIBOR-6M.csv,2026-06-02T15:20:11+00:00
IRS,EUR,EUR-EURIBOR-6M,EUSA1 BGN Curncy,IRS_PAR_EUS_SPOT_1Y,1,1Y,IRS/EUR-EURIBOR-6M/PAR/IRS_PAR_EUR-EURIBOR-6M.csv,2026-06-02T15:20:11+00:00
IRS,EUR,EUR-EURIBOR-6M,EUSA2 BGN Curncy,IRS_PAR_EUS_SPOT_2Y,2,2Y,IRS/EUR-EURIBOR-6M/PAR/IRS_PAR_EUR-EURIBOR-6M.csv,2026-06-02T15:20:11+00:00
IRS,EUR,EUR-EURIBOR-6M,EUSA3 BGN Curncy,IRS_PAR_EUS_SPOT_3Y,3,3Y,IRS/EUR-EURIBOR-6M/PAR/IRS_PAR_EUR-EURIBOR-6M.csv,2026-06-02T15:20:11+00:00
IRS,EUR,EUR-EURIBOR-6M,EUSA4 BGN Curncy,IRS_PAR_EUS_SPOT_4Y,4,4Y,IRS/EUR-EURIBOR-6M/PAR/IRS_PAR_EUR-EURIBOR-6M.csv,2026-06-02T15:20:11+00:00
IRS,EUR,EUR-EURIBOR-6M,EUSA5 BGN Curncy,IRS_PAR_EUS_SPOT_5Y,5,5Y,IRS/EUR-EURIBOR-6M/PAR/IRS_PAR_EUR-EURIBOR-6M.csv,2026-06-02T15:20:11+00:00
IRS,EUR,EUR-EURIBOR-6M,EUSA6 BGN Curncy,IRS_PAR_EUS_SPOT_6Y,6,6Y,IRS/EUR-EURIBOR-6M/PAR/IRS_PAR_EUR-EURIBOR-6M.csv,2026-06-02T15:20:11+00:00
IRS,EUR,EUR-EURIBOR-6M,EUSA7 BGN Curncy,IRS_PAR_EUS_SPOT_7Y,7,7Y,IRS/EUR-EURIBOR-6M/PAR/IRS_PAR_EUR-EURIBOR-6M.csv,2026-06-02T15:20:11+00:00
IRS,EUR,EUR-EURIBOR-6M,EUSA8 BGN Curncy,IRS_PAR_EUS_SPOT_8Y,8,8Y,IRS/EUR-EURIBOR-6M/PAR/IRS_PAR_EUR-EURIBOR-6M.csv,2026-06-02T15:20:11+00:00
IRS,EUR,EUR-EURIBOR-6M,EUSA9 BGN Curncy,IRS_PAR_EUS_SPOT_9Y,9,9Y,IRS/EUR-EURIBOR-6M/PAR/IRS_PAR_EUR-EURIBOR-6M.csv,2026-06-02T15:20:11+00:00
IRS,EUR,EUR-EURIBOR-6M,EUSA10 BGN Curncy,IRS_PAR_EUS_SPOT_10Y,10,10Y,IRS/EUR-EURIBOR-6M/PAR/IRS_PAR_EUR-EURIBOR-6M.csv,2026-06-02T15:20:11+00:00
IRS,EUR,EUR-EURIBOR-6M,EUSA11 BGN Curncy,IRS_PAR_EUS_SPOT_11Y,11,11Y,IRS/EUR-EURIBOR-6M/PAR/IRS_PAR_EUR-EURIBOR-6M.csv,2026-06-02T15:20:11+00:00
IRS,EUR,EUR-EURIBOR-6M,EUSA12 BGN Curncy,IRS_PAR_EUS_SPOT_12Y,12,12Y,IRS/EUR-EURIBOR-6M/PAR/IRS_PAR_EUR-EURIBOR-6M.csv,2026-06-02T15:20:11+00:00
IRS,EUR,EUR-EURIBOR-6M,EUSA15 BGN Curncy,IRS_PAR_EUS_SPOT_15Y,15,15Y,IRS/EUR-EURIBOR-6M/PAR/IRS_PAR_EUR-EURIBOR-6M.csv,2026-06-02T15:20:11+00:00
IRS,EUR,EUR-EURIBOR-6M,EUSA20 BGN Curncy,IRS_PAR_EUS_SPOT_20Y,20,20Y,IRS/EUR-EURIBOR-6M/PAR/IRS_PAR_EUR-EURIBOR-6M.csv,2026-06-02T15:20:11+00:00
IRS,EUR,EUR-EURIBOR-6M,EUSA25 BGN Curncy,IRS_PAR_EUS_SPOT_25Y,25,25Y,IRS/EUR-EURIBOR-6M/PAR/IRS_PAR_EUR-EURIBOR-6M.csv,2026-06-02T15:20:11+00:00
IRS,EUR,EUR-EURIBOR-6M,EUSA30 BGN Curncy,IRS_PAR_EUS_SPOT_30Y,30,30Y,IRS/EUR-EURIBOR-6M/PAR/IRS_PAR_EUR-EURIBOR-6M.csv,2026-06-02T15:20:11+00:00
IRS,EUR,EUR-EURIBOR-6M,EUSA35 BGN Curncy,IRS_PAR_EUS_SPOT_35Y,35,35Y,IRS/EUR-EURIBOR-6M/PAR/IRS_PAR_EUR-EURIBOR-6M.csv,2026-06-02T15:20:11+00:00
IRS,EUR,EUR-EURIBOR-6M,EUSA40 BGN Curncy,IRS_PAR_EUS_SPOT_40Y,40,40Y,IRS/EUR-EURIBOR-6M/PAR/IRS_PAR_EUR-EURIBOR-6M.csv,2026-06-02T15:20:11+00:00
IRS,HKD,HKD-HIBOR-3M,HIHD03M Index,IRS_PAR_HKD_SPOT_3M,0.25,3M,IRS/HKD-HIBOR-3M/PAR/IRS_PAR_HKD-HIBOR-3M.csv,2026-06-02T15:20:11+00:00
IRS,HKD,HKD-HIBOR-3M,HDSWF BGN Curncy,IRS_PAR_HKD_SPOT_6M,0.5,6M,IRS/HKD-HIBOR-3M/PAR/IRS_PAR_HKD-HIBOR-3M.csv,2026-06-02T15:20:11+00:00
IRS,HKD,HKD-HIBOR-3M,HDSWI BGN Curncy,IRS_PAR_HKD_SPOT_9M,0.75,9M,IRS/HKD-HIBOR-3M/PAR/IRS_PAR_HKD-HIBOR-3M.csv,2026-06-02T15:20:11+00:00
IRS,HKD,HKD-HIBOR-3M,HDSW1 BGN Curncy,IRS_PAR_HKD_SPOT_1Y,1,1Y,IRS/HKD-HIBOR-3M/PAR/IRS_PAR_HKD-HIBOR-3M.csv,2026-06-02T15:20:11+00:00
IRS,HKD,HKD-HIBOR-3M,HDSW2 BGN Curncy,IRS_PAR_HKD_SPOT_2Y,2,2Y,IRS/HKD-HIBOR-3M/PAR/IRS_PAR_HKD-HIBOR-3M.csv,2026-06-02T15:20:11+00:00
IRS,HKD,HKD-HIBOR-3M,HDSW3 BGN Curncy,IRS_PAR_HKD_SPOT_3Y,3,3Y,IRS/HKD-HIBOR-3M/PAR/IRS_PAR_HKD-HIBOR-3M.csv,2026-06-02T15:20:11+00:00
IRS,HKD,HKD-HIBOR-3M,HDSW4 BGN Curncy,IRS_PAR_HKD_SPOT_4Y,4,4Y,IRS/HKD-HIBOR-3M/PAR/IRS_PAR_HKD-HIBOR-3M.csv,2026-06-02T15:20:11+00:00
IRS,HKD,HKD-HIBOR-3M,HDSW5 BGN Curncy,IRS_PAR_HKD_SPOT_5Y,5,5Y,IRS/HKD-HIBOR-3M/PAR/IRS_PAR_HKD-HIBOR-3M.csv,2026-06-02T15:20:11+00:00
IRS,HKD,HKD-HIBOR-3M,HDSW6 BGN Curncy,IRS_PAR_HKD_SPOT_6Y,6,6Y,IRS/HKD-HIBOR-3M/PAR/IRS_PAR_HKD-HIBOR-3M.csv,2026-06-02T15:20:11+00:00
IRS,HKD,HKD-HIBOR-3M,HDSW7 BGN Curncy,IRS_PAR_HKD_SPOT_7Y,7,7Y,IRS/HKD-HIBOR-3M/PAR/IRS_PAR_HKD-HIBOR-3M.csv,2026-06-02T15:20:11+00:00
IRS,HKD,HKD-HIBOR-3M,HDSW10 BGN Curncy,IRS_PAR_HKD_SPOT_10Y,10,10Y,IRS/HKD-HIBOR-3M/PAR/IRS_PAR_HKD-HIBOR-3M.csv,2026-06-02T15:20:11+00:00
IRS,HKD,HKD-HIBOR-3M,HDSW12 BGN Curncy,IRS_PAR_HKD_SPOT_12Y,12,12Y,IRS/HKD-HIBOR-3M/PAR/IRS_PAR_HKD-HIBOR-3M.csv,2026-06-02T15:20:11+00:00
IRS,HKD,HKD-HIBOR-3M,HDSW15 BGN Curncy,IRS_PAR_HKD_SPOT_15Y,15,15Y,IRS/HKD-HIBOR-3M/PAR/IRS_PAR_HKD-HIBOR-3M.csv,2026-06-02T15:20:11+00:00
IRS,KRO,KRO-91D_CD-3M,KWCDC Curncy,IRS_PAR_KRO_SPOT_3M,0.25,3M,IRS/KRO-91D_CD-3M/PAR/IRS_PAR_KRO-91D_CD-3M.csv,2026-06-02T15:20:09+00:00
IRS,KRO,KRO-91D_CD-3M,KWSWOF  CMPN Curncy,IRS_PAR_KRO_SPOT_6M,0.5,6M,IRS/KRO-91D_CD-3M/PAR/IRS_PAR_KRO-91D_CD-3M.csv,2026-06-02T15:20:09+00:00
IRS,KRO,KRO-91D_CD-3M,KWSWOI  CMPN Curncy,IRS_PAR_KRO_SPOT_9M,0.75,9M,IRS/KRO-91D_CD-3M/PAR/IRS_PAR_KRO-91D_CD-3M.csv,2026-06-02T15:20:09+00:00
IRS,KRO,KRO-91D_CD-3M,KWSWO1  CMPN Curncy,IRS_PAR_KRO_SPOT_1Y,1,1Y,IRS/KRO-91D_CD-3M/PAR/IRS_PAR_KRO-91D_CD-3M.csv,2026-06-02T15:20:09+00:00
IRS,KRO,KRO-91D_CD-3M,KWSWO2  CMPN Curncy,IRS_PAR_KRO_SPOT_2Y,2,2Y,IRS/KRO-91D_CD-3M/PAR/IRS_PAR_KRO-91D_CD-3M.csv,2026-06-02T15:20:09+00:00
IRS,KRO,KRO-91D_CD-3M,KWSWO3  CMPN Curncy,IRS_PAR_KRO_SPOT_3Y,3,3Y,IRS/KRO-91D_CD-3M/PAR/IRS_PAR_KRO-91D_CD-3M.csv,2026-06-02T15:20:09+00:00
IRS,KRO,KRO-91D_CD-3M,KWSWO4  CMPN Curncy,IRS_PAR_KRO_SPOT_4Y,4,4Y,IRS/KRO-91D_CD-3M/PAR/IRS_PAR_KRO-91D_CD-3M.csv,2026-06-02T15:20:09+00:00
IRS,KRO,KRO-91D_CD-3M,KWSWO5  CMPN Curncy,IRS_PAR_KRO_SPOT_5Y,5,5Y,IRS/KRO-91D_CD-3M/PAR/IRS_PAR_KRO-91D_CD-3M.csv,2026-06-02T15:20:09+00:00
IRS,KRO,KRO-91D_CD-3M,KWSWO6  CMPN Curncy,IRS_PAR_KRO_SPOT_6Y,6,6Y,IRS/KRO-91D_CD-3M/PAR/IRS_PAR_KRO-91D_CD-3M.csv,2026-06-02T15:20:09+00:00
IRS,KRO,KRO-91D_CD-3M,KWSWO7  CMPN Curncy,IRS_PAR_KRO_SPOT_7Y,7,7Y,IRS/KRO-91D_CD-3M/PAR/IRS_PAR_KRO-91D_CD-3M.csv,2026-06-02T15:20:09+00:00
IRS,KRO,KRO-91D_CD-3M,KWSWO10  CMPN Curncy,IRS_PAR_KRO_SPOT_10Y,10,10Y,IRS/KRO-91D_CD-3M/PAR/IRS_PAR_KRO-91D_CD-3M.csv,2026-06-02T15:20:09+00:00
IRS,KRO,KRO-91D_CD-3M,KWSWO12  CMPN Curncy,IRS_PAR_KRO_SPOT_12Y,12,12Y,IRS/KRO-91D_CD-3M/PAR/IRS_PAR_KRO-91D_CD-3M.csv,2026-06-02T15:20:09+00:00
IRS,KRO,KRO-91D_CD-3M,KWSWO15  CMPN Curncy,IRS_PAR_KRO_SPOT_15Y,15,15Y,IRS/KRO-91D_CD-3M/PAR/IRS_PAR_KRO-91D_CD-3M.csv,2026-06-02T15:20:09+00:00
IRS,KRO,KRO-91D_CD-3M,KWSWO20  CMPN Curncy,IRS_PAR_KRO_SPOT_20Y,20,20Y,IRS/KRO-91D_CD-3M/PAR/IRS_PAR_KRO-91D_CD-3M.csv,2026-06-02T15:20:09+00:00
IRS,KRW,KRW-91D_CD-3M,KWCDC Curncy,IRS_PAR_KRW_SPOT_3M,0.25,3M,IRS/KRW-91D_CD-3M/PAR/IRS_PAR_KRW-91D_CD-3M.csv,2026-06-02T15:20:12+00:00
IRS,KRW,KRW-91D_CD-3M,KWSWNIF  CMPN Curncy,IRS_PAR_KRW_SPOT_6M,0.5,6M,IRS/KRW-91D_CD-3M/PAR/IRS_PAR_KRW-91D_CD-3M.csv,2026-06-02T15:20:12+00:00
IRS,KRW,KRW-91D_CD-3M,KWSWNII  CMPN Curncy,IRS_PAR_KRW_SPOT_9M,0.75,9M,IRS/KRW-91D_CD-3M/PAR/IRS_PAR_KRW-91D_CD-3M.csv,2026-06-02T15:20:12+00:00
IRS,KRW,KRW-91D_CD-3M,KWSWNI1  CMPN Curncy,IRS_PAR_KRW_SPOT_1Y,1,1Y,IRS/KRW-91D_CD-3M/PAR/IRS_PAR_KRW-91D_CD-3M.csv,2026-06-02T15:20:12+00:00
IRS,KRW,KRW-91D_CD-3M,KWSWNI2  CMPN Curncy,IRS_PAR_KRW_SPOT_2Y,2,2Y,IRS/KRW-91D_CD-3M/PAR/IRS_PAR_KRW-91D_CD-3M.csv,2026-06-02T15:20:12+00:00
IRS,KRW,KRW-91D_CD-3M,KWSWNI3  CMPN Curncy,IRS_PAR_KRW_SPOT_3Y,3,3Y,IRS/KRW-91D_CD-3M/PAR/IRS_PAR_KRW-91D_CD-3M.csv,2026-06-02T15:20:12+00:00
IRS,KRW,KRW-91D_CD-3M,KWSWNI4  CMPN Curncy,IRS_PAR_KRW_SPOT_4Y,4,4Y,IRS/KRW-91D_CD-3M/PAR/IRS_PAR_KRW-91D_CD-3M.csv,2026-06-02T15:20:12+00:00
IRS,KRW,KRW-91D_CD-3M,KWSWNI5  CMPN Curncy,IRS_PAR_KRW_SPOT_5Y,5,5Y,IRS/KRW-91D_CD-3M/PAR/IRS_PAR_KRW-91D_CD-3M.csv,2026-06-02T15:20:12+00:00
IRS,KRW,KRW-91D_CD-3M,KWSWNI6  CMPN Curncy,IRS_PAR_KRW_SPOT_6Y,6,6Y,IRS/KRW-91D_CD-3M/PAR/IRS_PAR_KRW-91D_CD-3M.csv,2026-06-02T15:20:12+00:00
IRS,KRW,KRW-91D_CD-3M,KWSWNI7  CMPN Curncy,IRS_PAR_KRW_SPOT_7Y,7,7Y,IRS/KRW-91D_CD-3M/PAR/IRS_PAR_KRW-91D_CD-3M.csv,2026-06-02T15:20:12+00:00
IRS,KRW,KRW-91D_CD-3M,KWSWNI10  CMPN Curncy,IRS_PAR_KRW_SPOT_10Y,10,10Y,IRS/KRW-91D_CD-3M/PAR/IRS_PAR_KRW-91D_CD-3M.csv,2026-06-02T15:20:12+00:00
IRS,KRW,KRW-91D_CD-3M,KWSWNI12  CMPN Curncy,IRS_PAR_KRW_SPOT_12Y,12,12Y,IRS/KRW-91D_CD-3M/PAR/IRS_PAR_KRW-91D_CD-3M.csv,2026-06-02T15:20:12+00:00
IRS,KRW,KRW-91D_CD-3M,KWSWNI15  CMPN Curncy,IRS_PAR_KRW_SPOT_15Y,15,15Y,IRS/KRW-91D_CD-3M/PAR/IRS_PAR_KRW-91D_CD-3M.csv,2026-06-02T15:20:12+00:00
IRS,KRW,KRW-91D_CD-3M,KWSWNI20  CMPN Curncy,IRS_PAR_KRW_SPOT_20Y,20,20Y,IRS/KRW-91D_CD-3M/PAR/IRS_PAR_KRW-91D_CD-3M.csv,2026-06-02T15:20:12+00:00
IRS,MYR,MYR-KLIBOR-3M,KLIB3M INDEX,IRS_PAR_MYR_SPOT_3M,0.25,3M,IRS/MYR-KLIBOR-3M/PAR/IRS_PAR_MYR-KLIBOR-3M.csv,2026-06-02T15:20:10+00:00
IRS,MYR,MYR-KLIBOR-3M,MRSWNIF BLC3 CURNCY,IRS_PAR_MYR_SPOT_6M,0.5,6M,IRS/MYR-KLIBOR-3M/PAR/IRS_PAR_MYR-KLIBOR-3M.csv,2026-06-02T15:20:10+00:00
IRS,MYR,MYR-KLIBOR-3M,MRSWNII BLC3 CURNCY,IRS_PAR_MYR_SPOT_9M,0.75,9M,IRS/MYR-KLIBOR-3M/PAR/IRS_PAR_MYR-KLIBOR-3M.csv,2026-06-02T15:20:10+00:00
IRS,MYR,MYR-KLIBOR-3M,MRSWNI1 BLC3 CURNCY,IRS_PAR_MYR_SPOT_1Y,1,1Y,IRS/MYR-KLIBOR-3M/PAR/IRS_PAR_MYR-KLIBOR-3M.csv,2026-06-02T15:20:10+00:00
IRS,MYR,MYR-KLIBOR-3M,MRSWNI2 BLC3 CURNCY,IRS_PAR_MYR_SPOT_2Y,2,2Y,IRS/MYR-KLIBOR-3M/PAR/IRS_PAR_MYR-KLIBOR-3M.csv,2026-06-02T15:20:10+00:00
IRS,MYR,MYR-KLIBOR-3M,MRSWNI3 BLC3 CURNCY,IRS_PAR_MYR_SPOT_3Y,3,3Y,IRS/MYR-KLIBOR-3M/PAR/IRS_PAR_MYR-KLIBOR-3M.csv,2026-06-02T15:20:10+00:00
IRS,MYR,MYR-KLIBOR-3M,MRSWNI4 BLC3 CURNCY,IRS_PAR_MYR_SPOT_4Y,4,4Y,IRS/MYR-KLIBOR-3M/PAR/IRS_PAR_MYR-KLIBOR-3M.csv,2026-06-02T15:20:10+00:00
IRS,MYR,MYR-KLIBOR-3M,MRSWNI5 BLC3 CURNCY,IRS_PAR_MYR_SPOT_5Y,5,5Y,IRS/MYR-KLIBOR-3M/PAR/IRS_PAR_MYR-KLIBOR-3M.csv,2026-06-02T15:20:10+00:00
IRS,MYR,MYR-KLIBOR-3M,MRSWNI7 BLC3 CURNCY,IRS_PAR_MYR_SPOT_7Y,7,7Y,IRS/MYR-KLIBOR-3M/PAR/IRS_PAR_MYR-KLIBOR-3M.csv,2026-06-02T15:20:10+00:00
IRS,MYR,MYR-KLIBOR-3M,MRSWNI10 BLC3 CURNCY,IRS_PAR_MYR_SPOT_10Y,10,10Y,IRS/MYR-KLIBOR-3M/PAR/IRS_PAR_MYR-KLIBOR-3M.csv,2026-06-02T15:20:10+00:00
IRS,MYR,MYR-KLIBOR-3M,MRSWNI12 BLC3 CURNCY,IRS_PAR_MYR_SPOT_12Y,12,12Y,IRS/MYR-KLIBOR-3M/PAR/IRS_PAR_MYR-KLIBOR-3M.csv,2026-06-02T15:20:10+00:00
IRS,MYR,MYR-KLIBOR-3M,MRSWNI15 BLC3 CURNCY,IRS_PAR_MYR_SPOT_15Y,15,15Y,IRS/MYR-KLIBOR-3M/PAR/IRS_PAR_MYR-KLIBOR-3M.csv,2026-06-02T15:20:10+00:00
IRS,NZD,NZD-BKBM-3M,NDBB3M Curncy,IRS_PAR_NZD_SPOT_3M,0.25,3M,IRS/NZD-BKBM-3M/PAR/IRS_PAR_NZD-BKBM-3M.csv,2026-06-02T15:20:12+00:00
IRS,NZD,NZD-BKBM-3M,NDSWF CMPN CURNCY,IRS_PAR_NZD_SPOT_6M,0.5,6M,IRS/NZD-BKBM-3M/PAR/IRS_PAR_NZD-BKBM-3M.csv,2026-06-02T15:20:12+00:00
IRS,NZD,NZD-BKBM-3M,NDSWI CMPN CURNCY,IRS_PAR_NZD_SPOT_9M,0.75,9M,IRS/NZD-BKBM-3M/PAR/IRS_PAR_NZD-BKBM-3M.csv,2026-06-02T15:20:12+00:00
IRS,NZD,NZD-BKBM-3M,NDSWAP1 CMPN CURNCY,IRS_PAR_NZD_SPOT_1Y,1,1Y,IRS/NZD-BKBM-3M/PAR/IRS_PAR_NZD-BKBM-3M.csv,2026-06-02T15:20:12+00:00
IRS,NZD,NZD-BKBM-3M,NDSWAP2 CMPN CURNCY,IRS_PAR_NZD_SPOT_2Y,2,2Y,IRS/NZD-BKBM-3M/PAR/IRS_PAR_NZD-BKBM-3M.csv,2026-06-02T15:20:12+00:00
IRS,NZD,NZD-BKBM-3M,NDSWAP3 CMPN CURNCY,IRS_PAR_NZD_SPOT_3Y,3,3Y,IRS/NZD-BKBM-3M/PAR/IRS_PAR_NZD-BKBM-3M.csv,2026-06-02T15:20:12+00:00
IRS,NZD,NZD-BKBM-3M,NDSWAP4 CMPN CURNCY,IRS_PAR_NZD_SPOT_4Y,4,4Y,IRS/NZD-BKBM-3M/PAR/IRS_PAR_NZD-BKBM-3M.csv,2026-06-02T15:20:12+00:00
IRS,NZD,NZD-BKBM-3M,NDSWAP5 CMPN CURNCY,IRS_PAR_NZD_SPOT_5Y,5,5Y,IRS/NZD-BKBM-3M/PAR/IRS_PAR_NZD-BKBM-3M.csv,2026-06-02T15:20:12+00:00
IRS,NZD,NZD-BKBM-3M,NDSWAP6 CMPN CURNCY,IRS_PAR_NZD_SPOT_6Y,6,6Y,IRS/NZD-BKBM-3M/PAR/IRS_PAR_NZD-BKBM-3M.csv,2026-06-02T15:20:12+00:00
IRS,NZD,NZD-BKBM-3M,NDSWAP7 CMPN CURNCY,IRS_PAR_NZD_SPOT_7Y,7,7Y,IRS/NZD-BKBM-3M/PAR/IRS_PAR_NZD-BKBM-3M.csv,2026-06-02T15:20:12+00:00
IRS,NZD,NZD-BKBM-3M,NDSWAP10 CMPN CURNCY,IRS_PAR_NZD_SPOT_10Y,10,10Y,IRS/NZD-BKBM-3M/PAR/IRS_PAR_NZD-BKBM-3M.csv,2026-06-02T15:20:12+00:00
IRS,NZD,NZD-BKBM-3M,NDSWAP12 CMPN CURNCY,IRS_PAR_NZD_SPOT_12Y,12,12Y,IRS/NZD-BKBM-3M/PAR/IRS_PAR_NZD-BKBM-3M.csv,2026-06-02T15:20:12+00:00
IRS,NZD,NZD-BKBM-3M,NDSWAP15 CMPN CURNCY,IRS_PAR_NZD_SPOT_15Y,15,15Y,IRS/NZD-BKBM-3M/PAR/IRS_PAR_NZD-BKBM-3M.csv,2026-06-02T15:20:12+00:00
IRS,NZD,NZD-BKBM-3M,NDSWAP20 CMPN CURNCY,IRS_PAR_NZD_SPOT_20Y,20,20Y,IRS/NZD-BKBM-3M/PAR/IRS_PAR_NZD-BKBM-3M.csv,2026-06-02T15:20:12+00:00
IRS,TWD,TWD-TAIBOR-3M,TAIBOR3M index,IRS_PAR_TWD_SPOT_3M,0.25,3M,IRS/TWD-TAIBOR-3M/PAR/IRS_PAR_TWD-TAIBOR-3M.csv,2026-06-02T15:20:11+00:00
IRS,TWD,TWD-TAIBOR-3M,TDSWNIF Curncy,IRS_PAR_TWD_SPOT_6M,0.5,6M,IRS/TWD-TAIBOR-3M/PAR/IRS_PAR_TWD-TAIBOR-3M.csv,2026-06-02T15:20:11+00:00
IRS,TWD,TWD-TAIBOR-3M,TDSWNI1 Curncy,IRS_PAR_TWD_SPOT_1Y,1,1Y,IRS/TWD-TAIBOR-3M/PAR/IRS_PAR_TWD-TAIBOR-3M.csv,2026-06-02T15:20:11+00:00
IRS,TWD,TWD-TAIBOR-3M,TDSWNI2 Curncy,IRS_PAR_TWD_SPOT_2Y,2,2Y,IRS/TWD-TAIBOR-3M/PAR/IRS_PAR_TWD-TAIBOR-3M.csv,2026-06-02T15:20:11+00:00
IRS,TWD,TWD-TAIBOR-3M,TDSWNI3 Curncy,IRS_PAR_TWD_SPOT_3Y,3,3Y,IRS/TWD-TAIBOR-3M/PAR/IRS_PAR_TWD-TAIBOR-3M.csv,2026-06-02T15:20:11+00:00
IRS,TWD,TWD-TAIBOR-3M,TDSWNI4 Curncy,IRS_PAR_TWD_SPOT_4Y,4,4Y,IRS/TWD-TAIBOR-3M/PAR/IRS_PAR_TWD-TAIBOR-3M.csv,2026-06-02T15:20:11+00:00
IRS,TWD,TWD-TAIBOR-3M,TDSWNI5 Curncy,IRS_PAR_TWD_SPOT_5Y,5,5Y,IRS/TWD-TAIBOR-3M/PAR/IRS_PAR_TWD-TAIBOR-3M.csv,2026-06-02T15:20:11+00:00
IRS,TWD,TWD-TAIBOR-3M,TDSWNI7 Curncy,IRS_PAR_TWD_SPOT_7Y,7,7Y,IRS/TWD-TAIBOR-3M/PAR/IRS_PAR_TWD-TAIBOR-3M.csv,2026-06-02T15:20:11+00:00
IRS,TWD,TWD-TAIBOR-3M,TDSWNI10 Curncy,IRS_PAR_TWD_SPOT_10Y,10,10Y,IRS/TWD-TAIBOR-3M/PAR/IRS_PAR_TWD-TAIBOR-3M.csv,2026-06-02T15:20:11+00:00
IRS,TWD,TWD-TAIBOR-3M,TDSWNI12 Curncy,IRS_PAR_TWD_SPOT_12Y,12,12Y,IRS/TWD-TAIBOR-3M/PAR/IRS_PAR_TWD-TAIBOR-3M.csv,2026-06-02T15:20:11+00:00
IRS,TWD,TWD-TAIBOR-3M,TDSWNI15 Curncy,IRS_PAR_TWD_SPOT_15Y,15,15Y,IRS/TWD-TAIBOR-3M/PAR/IRS_PAR_TWD-TAIBOR-3M.csv,2026-06-02T15:20:11+00:00
OIS,AUD,AUD-AONIA-ON,RBACOR Index,OIS_PAR_AUD_SPOT_1D,0.002739726,1D,OIS/AUD-AONIA-ON/PAR/OIS_PAR_AUD-AONIA-ON.csv,2026-06-02T15:20:08+00:00
OIS,AUD,AUD-AONIA-ON,ADSO1Z BGN Curncy,OIS_PAR_AUD_SPOT_1W,0.019230769,1W,OIS/AUD-AONIA-ON/PAR/OIS_PAR_AUD-AONIA-ON.csv,2026-06-02T15:20:08+00:00
OIS,AUD,AUD-AONIA-ON,ADSOA BGN Curncy,OIS_PAR_AUD_SPOT_1M,0.083333333,1M,OIS/AUD-AONIA-ON/PAR/OIS_PAR_AUD-AONIA-ON.csv,2026-06-02T15:20:08+00:00
OIS,AUD,AUD-AONIA-ON,ADSOB BGN Curncy,OIS_PAR_AUD_SPOT_2M,0.166666667,2M,OIS/AUD-AONIA-ON/PAR/OIS_PAR_AUD-AONIA-ON.csv,2026-06-02T15:20:08+00:00
OIS,AUD,AUD-AONIA-ON,ADSOC BGN Curncy,OIS_PAR_AUD_SPOT_3M,0.25,3M,OIS/AUD-AONIA-ON/PAR/OIS_PAR_AUD-AONIA-ON.csv,2026-06-02T15:20:08+00:00
OIS,AUD,AUD-AONIA-ON,ADSOD BGN Curncy,OIS_PAR_AUD_SPOT_4M,0.33,4M,OIS/AUD-AONIA-ON/PAR/OIS_PAR_AUD-AONIA-ON.csv,2026-06-02T15:20:08+00:00
OIS,AUD,AUD-AONIA-ON,ADSOE BGN Curncy,OIS_PAR_AUD_SPOT_5M,0.416666667,5M,OIS/AUD-AONIA-ON/PAR/OIS_PAR_AUD-AONIA-ON.csv,2026-06-02T15:20:08+00:00
OIS,AUD,AUD-AONIA-ON,ADSOF BGN Curncy,OIS_PAR_AUD_SPOT_6M,0.5,6M,OIS/AUD-AONIA-ON/PAR/OIS_PAR_AUD-AONIA-ON.csv,2026-06-02T15:20:08+00:00
OIS,AUD,AUD-AONIA-ON,ADSOI BGN Curncy,OIS_PAR_AUD_SPOT_9M,0.75,9M,OIS/AUD-AONIA-ON/PAR/OIS_PAR_AUD-AONIA-ON.csv,2026-06-02T15:20:08+00:00
OIS,AUD,AUD-AONIA-ON,ADSO1 BGN Curncy,OIS_PAR_AUD_SPOT_1Y,1,1Y,OIS/AUD-AONIA-ON/PAR/OIS_PAR_AUD-AONIA-ON.csv,2026-06-02T15:20:08+00:00
OIS,AUD,AUD-AONIA-ON,ADSO1F BGN Curncy,OIS_PAR_AUD_SPOT_18M,1.5,18M,OIS/AUD-AONIA-ON/PAR/OIS_PAR_AUD-AONIA-ON.csv,2026-06-02T15:20:08+00:00
OIS,AUD,AUD-AONIA-ON,ADSO2 BGN Curncy,OIS_PAR_AUD_SPOT_2Y,2,2Y,OIS/AUD-AONIA-ON/PAR/OIS_PAR_AUD-AONIA-ON.csv,2026-06-02T15:20:08+00:00
OIS,AUD,AUD-AONIA-ON,ADSO3 BGN Curncy,OIS_PAR_AUD_SPOT_3Y,3,3Y,OIS/AUD-AONIA-ON/PAR/OIS_PAR_AUD-AONIA-ON.csv,2026-06-02T15:20:08+00:00
OIS,AUD,AUD-AONIA-ON,ADSO4 BGN Curncy,OIS_PAR_AUD_SPOT_4Y,4,4Y,OIS/AUD-AONIA-ON/PAR/OIS_PAR_AUD-AONIA-ON.csv,2026-06-02T15:20:08+00:00
OIS,AUD,AUD-AONIA-ON,ADSO5 BGN Curncy,OIS_PAR_AUD_SPOT_5Y,5,5Y,OIS/AUD-AONIA-ON/PAR/OIS_PAR_AUD-AONIA-ON.csv,2026-06-02T15:20:08+00:00
OIS,AUD,AUD-AONIA-ON,ADSO6 BGN Curncy,OIS_PAR_AUD_SPOT_6Y,6,6Y,OIS/AUD-AONIA-ON/PAR/OIS_PAR_AUD-AONIA-ON.csv,2026-06-02T15:20:08+00:00
OIS,AUD,AUD-AONIA-ON,ADSO7 BGN Curncy,OIS_PAR_AUD_SPOT_7Y,7,7Y,OIS/AUD-AONIA-ON/PAR/OIS_PAR_AUD-AONIA-ON.csv,2026-06-02T15:20:08+00:00
OIS,AUD,AUD-AONIA-ON,ADSO8 BGN Curncy,OIS_PAR_AUD_SPOT_8Y,8,8Y,OIS/AUD-AONIA-ON/PAR/OIS_PAR_AUD-AONIA-ON.csv,2026-06-02T15:20:08+00:00
OIS,AUD,AUD-AONIA-ON,ADSO9 BGN Curncy,OIS_PAR_AUD_SPOT_9Y,9,9Y,OIS/AUD-AONIA-ON/PAR/OIS_PAR_AUD-AONIA-ON.csv,2026-06-02T15:20:08+00:00
OIS,AUD,AUD-AONIA-ON,ADSO10 BGN Curncy,OIS_PAR_AUD_SPOT_10Y,10,10Y,OIS/AUD-AONIA-ON/PAR/OIS_PAR_AUD-AONIA-ON.csv,2026-06-02T15:20:08+00:00
OIS,AUD,AUD-AONIA-ON,ADSO12 BGN Curncy,OIS_PAR_AUD_SPOT_12Y,12,12Y,OIS/AUD-AONIA-ON/PAR/OIS_PAR_AUD-AONIA-ON.csv,2026-06-02T15:20:08+00:00
OIS,AUD,AUD-AONIA-ON,ADSO15 BGN Curncy,OIS_PAR_AUD_SPOT_15Y,15,15Y,OIS/AUD-AONIA-ON/PAR/OIS_PAR_AUD-AONIA-ON.csv,2026-06-02T15:20:08+00:00
OIS,AUD,AUD-AONIA-ON,ADSO20 BGN Curncy,OIS_PAR_AUD_SPOT_20Y,20,20Y,OIS/AUD-AONIA-ON/PAR/OIS_PAR_AUD-AONIA-ON.csv,2026-06-02T15:20:08+00:00
OIS,AUD,AUD-AONIA-ON,ADSO25 BGN Curncy,OIS_PAR_AUD_SPOT_25Y,25,25Y,OIS/AUD-AONIA-ON/PAR/OIS_PAR_AUD-AONIA-ON.csv,2026-06-02T15:20:08+00:00
OIS,AUD,AUD-AONIA-ON,ADSO30 BGN Curncy,OIS_PAR_AUD_SPOT_30Y,30,30Y,OIS/AUD-AONIA-ON/PAR/OIS_PAR_AUD-AONIA-ON.csv,2026-06-02T15:20:08+00:00
OIS,CAD,CAD-CORRA-ON,CAONREPO INDEX,OIS_PAR_CAD_SPOT_ON,0,ON,OIS/CAD-CORRA-ON/PAR/OIS_PAR_CAD-CORRA-ON.csv,2026-06-02T15:20:14+00:00
OIS,CAD,CAD-CORRA-ON,CDSO1Z BGN CURNCY,OIS_PAR_CAD_SPOT_1W,0.019230769,1W,OIS/CAD-CORRA-ON/PAR/OIS_PAR_CAD-CORRA-ON.csv,2026-06-02T15:20:14+00:00
OIS,CAD,CAD-CORRA-ON,CDSO2Z BGN CURNCY,OIS_PAR_CAD_SPOT_2W,0.038461538,2W,OIS/CAD-CORRA-ON/PAR/OIS_PAR_CAD-CORRA-ON.csv,2026-06-02T15:20:14+00:00
OIS,CAD,CAD-CORRA-ON,CDSOA BGN CURNCY,OIS_PAR_CAD_SPOT_1M,0.083333333,1M,OIS/CAD-CORRA-ON/PAR/OIS_PAR_CAD-CORRA-ON.csv,2026-06-02T15:20:14+00:00
OIS,CAD,CAD-CORRA-ON,CDSOB BGN CURNCY,OIS_PAR_CAD_SPOT_2M,0.166666667,2M,OIS/CAD-CORRA-ON/PAR/OIS_PAR_CAD-CORRA-ON.csv,2026-06-02T15:20:14+00:00
OIS,CAD,CAD-CORRA-ON,CDSOC BGN CURNCY,OIS_PAR_CAD_SPOT_3M,0.25,3M,OIS/CAD-CORRA-ON/PAR/OIS_PAR_CAD-CORRA-ON.csv,2026-06-02T15:20:14+00:00
OIS,CAD,CAD-CORRA-ON,CDSOD BGN CURNCY,OIS_PAR_CAD_SPOT_4M,0.333333333,4M,OIS/CAD-CORRA-ON/PAR/OIS_PAR_CAD-CORRA-ON.csv,2026-06-02T15:20:14+00:00
OIS,CAD,CAD-CORRA-ON,CDSOE BGN CURNCY,OIS_PAR_CAD_SPOT_5M,0.416666667,5M,OIS/CAD-CORRA-ON/PAR/OIS_PAR_CAD-CORRA-ON.csv,2026-06-02T15:20:14+00:00
OIS,CAD,CAD-CORRA-ON,CDSOF BGN CURNCY,OIS_PAR_CAD_SPOT_6M,0.5,6M,OIS/CAD-CORRA-ON/PAR/OIS_PAR_CAD-CORRA-ON.csv,2026-06-02T15:20:14+00:00
OIS,CAD,CAD-CORRA-ON,CDSOI BGN CURNCY,OIS_PAR_CAD_SPOT_9M,0.75,9M,OIS/CAD-CORRA-ON/PAR/OIS_PAR_CAD-CORRA-ON.csv,2026-06-02T15:20:14+00:00
OIS,CAD,CAD-CORRA-ON,CDSO1 BGN CURNCY,OIS_PAR_CAD_SPOT_1Y,1,1Y,OIS/CAD-CORRA-ON/PAR/OIS_PAR_CAD-CORRA-ON.csv,2026-06-02T15:20:14+00:00
OIS,CAD,CAD-CORRA-ON,CDSO2 BGN CURNCY,OIS_PAR_CAD_SPOT_2Y,2,2Y,OIS/CAD-CORRA-ON/PAR/OIS_PAR_CAD-CORRA-ON.csv,2026-06-02T15:20:14+00:00
OIS,CAD,CAD-CORRA-ON,CDSO3 BGN CURNCY,OIS_PAR_CAD_SPOT_3Y,3,3Y,OIS/CAD-CORRA-ON/PAR/OIS_PAR_CAD-CORRA-ON.csv,2026-06-02T15:20:14+00:00
OIS,CAD,CAD-CORRA-ON,CDSO4 BGN CURNCY,OIS_PAR_CAD_SPOT_4Y,4,4Y,OIS/CAD-CORRA-ON/PAR/OIS_PAR_CAD-CORRA-ON.csv,2026-06-02T15:20:14+00:00
OIS,CAD,CAD-CORRA-ON,CDSO5 BGN CURNCY,OIS_PAR_CAD_SPOT_5Y,5,5Y,OIS/CAD-CORRA-ON/PAR/OIS_PAR_CAD-CORRA-ON.csv,2026-06-02T15:20:14+00:00
OIS,CHF,CHF-SARON-ON,SRFXON3 INDEX,OIS_PAR_CHF_SPOT_ON,0,ON,OIS/CHF-SARON-ON/PAR/OIS_PAR_CHF-SARON-ON.csv,2026-06-02T15:20:13+00:00
OIS,CHF,CHF-SARON-ON,SFSNT1Z CMPN CURNCY,OIS_PAR_CHF_SPOT_1W,0.019230769,1W,OIS/CHF-SARON-ON/PAR/OIS_PAR_CHF-SARON-ON.csv,2026-06-02T15:20:13+00:00
OIS,CHF,CHF-SARON-ON,SFSNT2Z CMPN CURNCY,OIS_PAR_CHF_SPOT_2W,0.038461538,2W,OIS/CHF-SARON-ON/PAR/OIS_PAR_CHF-SARON-ON.csv,2026-06-02T15:20:13+00:00
OIS,CHF,CHF-SARON-ON,SFSNTA CMPN CURNCY,OIS_PAR_CHF_SPOT_1M,0.083333333,1M,OIS/CHF-SARON-ON/PAR/OIS_PAR_CHF-SARON-ON.csv,2026-06-02T15:20:13+00:00
OIS,CHF,CHF-SARON-ON,SFSNTB CMPN CURNCY,OIS_PAR_CHF_SPOT_2M,0.166666667,2M,OIS/CHF-SARON-ON/PAR/OIS_PAR_CHF-SARON-ON.csv,2026-06-02T15:20:13+00:00
OIS,CHF,CHF-SARON-ON,SFSNTC CMPN CURNCY,OIS_PAR_CHF_SPOT_3M,0.25,3M,OIS/CHF-SARON-ON/PAR/OIS_PAR_CHF-SARON-ON.csv,2026-06-02T15:20:13+00:00
OIS,CHF,CHF-SARON-ON,SFSNTD CMPN CURNCY,OIS_PAR_CHF_SPOT_4M,0.333333333,4M,OIS/CHF-SARON-ON/PAR/OIS_PAR_CHF-SARON-ON.csv,2026-06-02T15:20:13+00:00
OIS,CHF,CHF-SARON-ON,SFSNTE CMPN CURNCY,OIS_PAR_CHF_SPOT_5M,0.416666667,5M,OIS/CHF-SARON-ON/PAR/OIS_PAR_CHF-SARON-ON.csv,2026-06-02T15:20:13+00:00
OIS,CHF,CHF-SARON-ON,SFSNTF CMPN CURNCY,OIS_PAR_CHF_SPOT_6M,0.5,6M,OIS/CHF-SARON-ON/PAR/OIS_PAR_CHF-SARON-ON.csv,2026-06-02T15:20:13+00:00
OIS,CHF,CHF-SARON-ON,SFSNTG CMPN CURNCY,OIS_PAR_CHF_SPOT_7M,0.583333333,7M,OIS/CHF-SARON-ON/PAR/OIS_PAR_CHF-SARON-ON.csv,2026-06-02T15:20:13+00:00
OIS,CHF,CHF-SARON-ON,SFSNTH CMPN CURNCY,OIS_PAR_CHF_SPOT_8M,0.666666667,8M,OIS/CHF-SARON-ON/PAR/OIS_PAR_CHF-SARON-ON.csv,2026-06-02T15:20:13+00:00
OIS,CHF,CHF-SARON-ON,SFSNTI CMPN CURNCY,OIS_PAR_CHF_SPOT_9M,0.75,9M,OIS/CHF-SARON-ON/PAR/OIS_PAR_CHF-SARON-ON.csv,2026-06-02T15:20:13+00:00
OIS,CHF,CHF-SARON-ON,SFSNTJ CMPN CURNCY,OIS_PAR_CHF_SPOT_10M,0.833333333,10M,OIS/CHF-SARON-ON/PAR/OIS_PAR_CHF-SARON-ON.csv,2026-06-02T15:20:13+00:00
OIS,CHF,CHF-SARON-ON,SFSNTK CMPN CURNCY,OIS_PAR_CHF_SPOT_11M,0.916666667,11M,OIS/CHF-SARON-ON/PAR/OIS_PAR_CHF-SARON-ON.csv,2026-06-02T15:20:13+00:00
OIS,CHF,CHF-SARON-ON,SFSNT1 CMPN CURNCY,OIS_PAR_CHF_SPOT_1Y,1,1Y,OIS/CHF-SARON-ON/PAR/OIS_PAR_CHF-SARON-ON.csv,2026-06-02T15:20:13+00:00
OIS,CHF,CHF-SARON-ON,SFSNT1C CMPN CURNCY,OIS_PAR_CHF_SPOT_15M,1.25,15M,OIS/CHF-SARON-ON/PAR/OIS_PAR_CHF-SARON-ON.csv,2026-06-02T15:20:13+00:00
OIS,CHF,CHF-SARON-ON,SFSNT1F CMPN CURNCY,OIS_PAR_CHF_SPOT_18M,1.5,18M,OIS/CHF-SARON-ON/PAR/OIS_PAR_CHF-SARON-ON.csv,2026-06-02T15:20:13+00:00
OIS,CHF,CHF-SARON-ON,SFSNT1I CMPN CURNCY,OIS_PAR_CHF_SPOT_21M,1.75,21M,OIS/CHF-SARON-ON/PAR/OIS_PAR_CHF-SARON-ON.csv,2026-06-02T15:20:13+00:00
OIS,CHF,CHF-SARON-ON,SFSNT2 CMPN CURNCY,OIS_PAR_CHF_SPOT_2Y,2,2Y,OIS/CHF-SARON-ON/PAR/OIS_PAR_CHF-SARON-ON.csv,2026-06-02T15:20:13+00:00
OIS,CHF,CHF-SARON-ON,SFSNT3 CMPN CURNCY,OIS_PAR_CHF_SPOT_3Y,3,3Y,OIS/CHF-SARON-ON/PAR/OIS_PAR_CHF-SARON-ON.csv,2026-06-02T15:20:13+00:00
OIS,CHF,CHF-SARON-ON,SFSNT4 CMPN CURNCY,OIS_PAR_CHF_SPOT_4Y,4,4Y,OIS/CHF-SARON-ON/PAR/OIS_PAR_CHF-SARON-ON.csv,2026-06-02T15:20:13+00:00
OIS,CHF,CHF-SARON-ON,SFSNT5 CMPN CURNCY,OIS_PAR_CHF_SPOT_5Y,5,5Y,OIS/CHF-SARON-ON/PAR/OIS_PAR_CHF-SARON-ON.csv,2026-06-02T15:20:13+00:00
OIS,CHF,CHF-SARON-ON,SFSNT6 CMPN CURNCY,OIS_PAR_CHF_SPOT_6Y,6,6Y,OIS/CHF-SARON-ON/PAR/OIS_PAR_CHF-SARON-ON.csv,2026-06-02T15:20:13+00:00
OIS,CHF,CHF-SARON-ON,SFSNT7 CMPN CURNCY,OIS_PAR_CHF_SPOT_7Y,7,7Y,OIS/CHF-SARON-ON/PAR/OIS_PAR_CHF-SARON-ON.csv,2026-06-02T15:20:13+00:00
OIS,CHF,CHF-SARON-ON,SFSNT8 CMPN CURNCY,OIS_PAR_CHF_SPOT_8Y,8,8Y,OIS/CHF-SARON-ON/PAR/OIS_PAR_CHF-SARON-ON.csv,2026-06-02T15:20:13+00:00
OIS,CHF,CHF-SARON-ON,SFSNT9 CMPN CURNCY,OIS_PAR_CHF_SPOT_9Y,9,9Y,OIS/CHF-SARON-ON/PAR/OIS_PAR_CHF-SARON-ON.csv,2026-06-02T15:20:13+00:00
OIS,CHF,CHF-SARON-ON,SFSNT10 CMPN CURNCY,OIS_PAR_CHF_SPOT_10Y,10,10Y,OIS/CHF-SARON-ON/PAR/OIS_PAR_CHF-SARON-ON.csv,2026-06-02T15:20:13+00:00
OIS,CHF,CHF-SARON-ON,SFSNT12 CMPN CURNCY,OIS_PAR_CHF_SPOT_12Y,12,12Y,OIS/CHF-SARON-ON/PAR/OIS_PAR_CHF-SARON-ON.csv,2026-06-02T15:20:13+00:00
OIS,CHF,CHF-SARON-ON,SFSNT15 CMPN CURNCY,OIS_PAR_CHF_SPOT_15Y,15,15Y,OIS/CHF-SARON-ON/PAR/OIS_PAR_CHF-SARON-ON.csv,2026-06-02T15:20:13+00:00
OIS,CHF,CHF-SARON-ON,SFSNT20 CMPN CURNCY,OIS_PAR_CHF_SPOT_20Y,20,20Y,OIS/CHF-SARON-ON/PAR/OIS_PAR_CHF-SARON-ON.csv,2026-06-02T15:20:13+00:00
OIS,CHF,CHF-SARON-ON,SFSNT25 CMPN CURNCY,OIS_PAR_CHF_SPOT_25Y,25,25Y,OIS/CHF-SARON-ON/PAR/OIS_PAR_CHF-SARON-ON.csv,2026-06-02T15:20:13+00:00
OIS,CHF,CHF-SARON-ON,SFSNT30 CMPN CURNCY,OIS_PAR_CHF_SPOT_30Y,30,30Y,OIS/CHF-SARON-ON/PAR/OIS_PAR_CHF-SARON-ON.csv,2026-06-02T15:20:13+00:00
OIS,EUR,EUR-ESTR-ON,ESTRON Index,OIS_PAR_EUS_SPOT_1D,0.002777778,1D,OIS/EUR-ESTR-ON/PAR/OIS_PAR_EUR-ESTR-ON.csv,2026-06-02T15:20:13+00:00
OIS,EUR,EUR-ESTR-ON,EESWE1Z  BGN Curncy,OIS_PAR_EUS_SPOT_1W,0.019444444,1W,OIS/EUR-ESTR-ON/PAR/OIS_PAR_EUR-ESTR-ON.csv,2026-06-02T15:20:13+00:00
OIS,EUR,EUR-ESTR-ON,EESWE2Z  BGN Curncy,OIS_PAR_EUS_SPOT_2W,0.038888889,2W,OIS/EUR-ESTR-ON/PAR/OIS_PAR_EUR-ESTR-ON.csv,2026-06-02T15:20:13+00:00
OIS,EUR,EUR-ESTR-ON,EESWEA   BGN Curncy,OIS_PAR_EUS_SPOT_1M,0.083333333,1M,OIS/EUR-ESTR-ON/PAR/OIS_PAR_EUR-ESTR-ON.csv,2026-06-02T15:20:13+00:00
OIS,EUR,EUR-ESTR-ON,EESWEB   BGN Curncy,OIS_PAR_EUS_SPOT_2M,0.166666667,2M,OIS/EUR-ESTR-ON/PAR/OIS_PAR_EUR-ESTR-ON.csv,2026-06-02T15:20:13+00:00
OIS,EUR,EUR-ESTR-ON,EESWEC   BGN Curncy,OIS_PAR_EUS_SPOT_3M,0.25,3M,OIS/EUR-ESTR-ON/PAR/OIS_PAR_EUR-ESTR-ON.csv,2026-06-02T15:20:13+00:00
OIS,EUR,EUR-ESTR-ON,EESWED   BGN Curncy,OIS_PAR_EUS_SPOT_4M,0.333333333,4M,OIS/EUR-ESTR-ON/PAR/OIS_PAR_EUR-ESTR-ON.csv,2026-06-02T15:20:13+00:00
OIS,EUR,EUR-ESTR-ON,EESWEE   BGN Curncy,OIS_PAR_EUS_SPOT_5M,0.416666667,5M,OIS/EUR-ESTR-ON/PAR/OIS_PAR_EUR-ESTR-ON.csv,2026-06-02T15:20:13+00:00
OIS,EUR,EUR-ESTR-ON,EESWEF   BGN Curncy,OIS_PAR_EUS_SPOT_6M,0.5,6M,OIS/EUR-ESTR-ON/PAR/OIS_PAR_EUR-ESTR-ON.csv,2026-06-02T15:20:13+00:00
OIS,EUR,EUR-ESTR-ON,EESWEG   BGN Curncy,OIS_PAR_EUS_SPOT_7M,0.583333333,7M,OIS/EUR-ESTR-ON/PAR/OIS_PAR_EUR-ESTR-ON.csv,2026-06-02T15:20:13+00:00
OIS,EUR,EUR-ESTR-ON,EESWEH   BGN Curncy,OIS_PAR_EUS_SPOT_8M,0.666666667,8M,OIS/EUR-ESTR-ON/PAR/OIS_PAR_EUR-ESTR-ON.csv,2026-06-02T15:20:13+00:00
OIS,EUR,EUR-ESTR-ON,EESWEI   BGN Curncy,OIS_PAR_EUS_SPOT_9M,0.75,9M,OIS/EUR-ESTR-ON/PAR/OIS_PAR_EUR-ESTR-ON.csv,2026-06-02T15:20:13+00:00
OIS,EUR,EUR-ESTR-ON,EESWEJ   BGN Curncy,OIS_PAR_EUS_SPOT_10M,0.833333333,10M,OIS/EUR-ESTR-ON/PAR/OIS_PAR_EUR-ESTR-ON.csv,2026-06-02T15:20:13+00:00
OIS,EUR,EUR-ESTR-ON,EESWEK   BGN Curncy,OIS_PAR_EUS_SPOT_11M,0.916666667,11M,OIS/EUR-ESTR-ON/PAR/OIS_PAR_EUR-ESTR-ON.csv,2026-06-02T15:20:13+00:00
OIS,EUR,EUR-ESTR-ON,EESWE1   BGN Curncy,OIS_PAR_EUS_SPOT_1Y,1,1Y,OIS/EUR-ESTR-ON/PAR/OIS_PAR_EUR-ESTR-ON.csv,2026-06-02T15:20:13+00:00
OIS,EUR,EUR-ESTR-ON,EESWE1F  BGN Curncy,OIS_PAR_EUS_SPOT_18M,1.5,18M,OIS/EUR-ESTR-ON/PAR/OIS_PAR_EUR-ESTR-ON.csv,2026-06-02T15:20:13+00:00
OIS,EUR,EUR-ESTR-ON,EESWE2   BGN Curncy,OIS_PAR_EUS_SPOT_2Y,2,2Y,OIS/EUR-ESTR-ON/PAR/OIS_PAR_EUR-ESTR-ON.csv,2026-06-02T15:20:13+00:00
OIS,EUR,EUR-ESTR-ON,EESWE3   BGN Curncy,OIS_PAR_EUS_SPOT_3Y,3,3Y,OIS/EUR-ESTR-ON/PAR/OIS_PAR_EUR-ESTR-ON.csv,2026-06-02T15:20:13+00:00
OIS,EUR,EUR-ESTR-ON,EESWE4   BGN Curncy,OIS_PAR_EUS_SPOT_4Y,4,4Y,OIS/EUR-ESTR-ON/PAR/OIS_PAR_EUR-ESTR-ON.csv,2026-06-02T15:20:13+00:00
OIS,EUR,EUR-ESTR-ON,EESWE5   BGN Curncy,OIS_PAR_EUS_SPOT_5Y,5,5Y,OIS/EUR-ESTR-ON/PAR/OIS_PAR_EUR-ESTR-ON.csv,2026-06-02T15:20:13+00:00
OIS,EUR,EUR-ESTR-ON,EESWE6   BGN Curncy,OIS_PAR_EUS_SPOT_6Y,6,6Y,OIS/EUR-ESTR-ON/PAR/OIS_PAR_EUR-ESTR-ON.csv,2026-06-02T15:20:13+00:00
OIS,EUR,EUR-ESTR-ON,EESWE7   BGN Curncy,OIS_PAR_EUS_SPOT_7Y,7,7Y,OIS/EUR-ESTR-ON/PAR/OIS_PAR_EUR-ESTR-ON.csv,2026-06-02T15:20:13+00:00
OIS,EUR,EUR-ESTR-ON,EESWE8   BGN Curncy,OIS_PAR_EUS_SPOT_8Y,8,8Y,OIS/EUR-ESTR-ON/PAR/OIS_PAR_EUR-ESTR-ON.csv,2026-06-02T15:20:13+00:00
OIS,EUR,EUR-ESTR-ON,EESWE9   BGN Curncy,OIS_PAR_EUS_SPOT_9Y,9,9Y,OIS/EUR-ESTR-ON/PAR/OIS_PAR_EUR-ESTR-ON.csv,2026-06-02T15:20:13+00:00
OIS,EUR,EUR-ESTR-ON,EESWE10  BGN Curncy,OIS_PAR_EUS_SPOT_10Y,10,10Y,OIS/EUR-ESTR-ON/PAR/OIS_PAR_EUR-ESTR-ON.csv,2026-06-02T15:20:13+00:00
OIS,EUR,EUR-ESTR-ON,EESWE11  BGN Curncy,OIS_PAR_EUS_SPOT_11Y,11,11Y,OIS/EUR-ESTR-ON/PAR/OIS_PAR_EUR-ESTR-ON.csv,2026-06-02T15:20:13+00:00
OIS,EUR,EUR-ESTR-ON,EESWE12  BGN Curncy,OIS_PAR_EUS_SPOT_12Y,12,12Y,OIS/EUR-ESTR-ON/PAR/OIS_PAR_EUR-ESTR-ON.csv,2026-06-02T15:20:13+00:00
OIS,EUR,EUR-ESTR-ON,EESWE15  BGN Curncy,OIS_PAR_EUS_SPOT_15Y,15,15Y,OIS/EUR-ESTR-ON/PAR/OIS_PAR_EUR-ESTR-ON.csv,2026-06-02T15:20:13+00:00
OIS,EUR,EUR-ESTR-ON,EESWE20  BGN Curncy,OIS_PAR_EUS_SPOT_20Y,20,20Y,OIS/EUR-ESTR-ON/PAR/OIS_PAR_EUR-ESTR-ON.csv,2026-06-02T15:20:13+00:00
OIS,EUR,EUR-ESTR-ON,EESWE25  BGN Curncy,OIS_PAR_EUS_SPOT_25Y,25,25Y,OIS/EUR-ESTR-ON/PAR/OIS_PAR_EUR-ESTR-ON.csv,2026-06-02T15:20:13+00:00
OIS,EUR,EUR-ESTR-ON,EESWE30  BGN Curncy,OIS_PAR_EUS_SPOT_30Y,30,30Y,OIS/EUR-ESTR-ON/PAR/OIS_PAR_EUR-ESTR-ON.csv,2026-06-02T15:20:13+00:00
OIS,EUR,EUR-ESTR-ON,EESWE40  BGN Curncy,OIS_PAR_EUS_SPOT_40Y,40,40Y,OIS/EUR-ESTR-ON/PAR/OIS_PAR_EUR-ESTR-ON.csv,2026-06-02T15:20:13+00:00
OIS,EUR,EUR-ESTR-ON,EESWE50  BGN Curncy,OIS_PAR_EUS_SPOT_50Y,50,50Y,OIS/EUR-ESTR-ON/PAR/OIS_PAR_EUR-ESTR-ON.csv,2026-06-02T15:20:13+00:00
OIS,GBP,GBP-SONIA-ON,SONIO/N INDEX,OIS_PAR_GBP_SPOT_ON,0,ON,OIS/GBP-SONIA-ON/PAR/OIS_PAR_GBP-SONIA-ON.csv,2026-06-02T15:20:13+00:00
OIS,GBP,GBP-SONIA-ON,BPSWS1Z CMPN CURNCY,OIS_PAR_GBP_SPOT_1W,0.019230769,1W,OIS/GBP-SONIA-ON/PAR/OIS_PAR_GBP-SONIA-ON.csv,2026-06-02T15:20:13+00:00
OIS,GBP,GBP-SONIA-ON,BPSWS2Z CMPN CURNCY,OIS_PAR_GBP_SPOT_2W,0.038461538,2W,OIS/GBP-SONIA-ON/PAR/OIS_PAR_GBP-SONIA-ON.csv,2026-06-02T15:20:13+00:00
OIS,GBP,GBP-SONIA-ON,BPSWSA CMPN CURNCY,OIS_PAR_GBP_SPOT_1M,0.083333333,1M,OIS/GBP-SONIA-ON/PAR/OIS_PAR_GBP-SONIA-ON.csv,2026-06-02T15:20:13+00:00
OIS,GBP,GBP-SONIA-ON,BPSWSB CMPN CURNCY,OIS_PAR_GBP_SPOT_2M,0.166666667,2M,OIS/GBP-SONIA-ON/PAR/OIS_PAR_GBP-SONIA-ON.csv,2026-06-02T15:20:13+00:00
OIS,GBP,GBP-SONIA-ON,BPSWSC CMPN CURNCY,OIS_PAR_GBP_SPOT_3M,0.25,3M,OIS/GBP-SONIA-ON/PAR/OIS_PAR_GBP-SONIA-ON.csv,2026-06-02T15:20:13+00:00
OIS,GBP,GBP-SONIA-ON,BPSWSD CMPN CURNCY,OIS_PAR_GBP_SPOT_4M,0.333333333,4M,OIS/GBP-SONIA-ON/PAR/OIS_PAR_GBP-SONIA-ON.csv,2026-06-02T15:20:13+00:00
OIS,GBP,GBP-SONIA-ON,BPSWSE CMPN CURNCY,OIS_PAR_GBP_SPOT_5M,0.416666667,5M,OIS/GBP-SONIA-ON/PAR/OIS_PAR_GBP-SONIA-ON.csv,2026-06-02T15:20:13+00:00
OIS,GBP,GBP-SONIA-ON,BPSWSF CMPN CURNCY,OIS_PAR_GBP_SPOT_6M,0.5,6M,OIS/GBP-SONIA-ON/PAR/OIS_PAR_GBP-SONIA-ON.csv,2026-06-02T15:20:13+00:00
OIS,GBP,GBP-SONIA-ON,BPSWSG CMPN CURNCY,OIS_PAR_GBP_SPOT_7M,0.583333333,7M,OIS/GBP-SONIA-ON/PAR/OIS_PAR_GBP-SONIA-ON.csv,2026-06-02T15:20:13+00:00
OIS,GBP,GBP-SONIA-ON,BPSWSH CMPN CURNCY,OIS_PAR_GBP_SPOT_8M,0.666666667,8M,OIS/GBP-SONIA-ON/PAR/OIS_PAR_GBP-SONIA-ON.csv,2026-06-02T15:20:13+00:00
OIS,GBP,GBP-SONIA-ON,BPSWSI CMPN CURNCY,OIS_PAR_GBP_SPOT_9M,0.75,9M,OIS/GBP-SONIA-ON/PAR/OIS_PAR_GBP-SONIA-ON.csv,2026-06-02T15:20:13+00:00
OIS,GBP,GBP-SONIA-ON,BPSWSJ CMPN CURNCY,OIS_PAR_GBP_SPOT_10M,0.833333333,10M,OIS/GBP-SONIA-ON/PAR/OIS_PAR_GBP-SONIA-ON.csv,2026-06-02T15:20:13+00:00
OIS,GBP,GBP-SONIA-ON,BPSWSK CMPN CURNCY,OIS_PAR_GBP_SPOT_11M,0.916666667,11M,OIS/GBP-SONIA-ON/PAR/OIS_PAR_GBP-SONIA-ON.csv,2026-06-02T15:20:13+00:00
OIS,GBP,GBP-SONIA-ON,BPSWS1 CMPN CURNCY,OIS_PAR_GBP_SPOT_1Y,1,1Y,OIS/GBP-SONIA-ON/PAR/OIS_PAR_GBP-SONIA-ON.csv,2026-06-02T15:20:13+00:00
OIS,GBP,GBP-SONIA-ON,BPSWS1F CMPN CURNCY,OIS_PAR_GBP_SPOT_18M,1.5,18M,OIS/GBP-SONIA-ON/PAR/OIS_PAR_GBP-SONIA-ON.csv,2026-06-02T15:20:13+00:00
OIS,GBP,GBP-SONIA-ON,BPSWS2 CMPN CURNCY,OIS_PAR_GBP_SPOT_2Y,2,2Y,OIS/GBP-SONIA-ON/PAR/OIS_PAR_GBP-SONIA-ON.csv,2026-06-02T15:20:13+00:00
OIS,GBP,GBP-SONIA-ON,BPSWS3 CMPN CURNCY,OIS_PAR_GBP_SPOT_3Y,3,3Y,OIS/GBP-SONIA-ON/PAR/OIS_PAR_GBP-SONIA-ON.csv,2026-06-02T15:20:13+00:00
OIS,GBP,GBP-SONIA-ON,BPSWS4 CMPN CURNCY,OIS_PAR_GBP_SPOT_4Y,4,4Y,OIS/GBP-SONIA-ON/PAR/OIS_PAR_GBP-SONIA-ON.csv,2026-06-02T15:20:13+00:00
OIS,GBP,GBP-SONIA-ON,BPSWS5 CMPN CURNCY,OIS_PAR_GBP_SPOT_5Y,5,5Y,OIS/GBP-SONIA-ON/PAR/OIS_PAR_GBP-SONIA-ON.csv,2026-06-02T15:20:13+00:00
OIS,GBP,GBP-SONIA-ON,BPSWS6 CMPN CURNCY,OIS_PAR_GBP_SPOT_6Y,6,6Y,OIS/GBP-SONIA-ON/PAR/OIS_PAR_GBP-SONIA-ON.csv,2026-06-02T15:20:13+00:00
OIS,GBP,GBP-SONIA-ON,BPSWS7 CMPN CURNCY,OIS_PAR_GBP_SPOT_7Y,7,7Y,OIS/GBP-SONIA-ON/PAR/OIS_PAR_GBP-SONIA-ON.csv,2026-06-02T15:20:13+00:00
OIS,GBP,GBP-SONIA-ON,BPSWS8 CMPN CURNCY,OIS_PAR_GBP_SPOT_8Y,8,8Y,OIS/GBP-SONIA-ON/PAR/OIS_PAR_GBP-SONIA-ON.csv,2026-06-02T15:20:13+00:00
OIS,GBP,GBP-SONIA-ON,BPSWS9 CMPN CURNCY,OIS_PAR_GBP_SPOT_9Y,9,9Y,OIS/GBP-SONIA-ON/PAR/OIS_PAR_GBP-SONIA-ON.csv,2026-06-02T15:20:13+00:00
OIS,GBP,GBP-SONIA-ON,BPSWS10 CMPN CURNCY,OIS_PAR_GBP_SPOT_10Y,10,10Y,OIS/GBP-SONIA-ON/PAR/OIS_PAR_GBP-SONIA-ON.csv,2026-06-02T15:20:13+00:00
OIS,GBP,GBP-SONIA-ON,BPSWS12 CMPN CURNCY,OIS_PAR_GBP_SPOT_12Y,12,12Y,OIS/GBP-SONIA-ON/PAR/OIS_PAR_GBP-SONIA-ON.csv,2026-06-02T15:20:13+00:00
OIS,GBP,GBP-SONIA-ON,BPSWS15 CMPN CURNCY,OIS_PAR_GBP_SPOT_15Y,15,15Y,OIS/GBP-SONIA-ON/PAR/OIS_PAR_GBP-SONIA-ON.csv,2026-06-02T15:20:13+00:00
OIS,GBP,GBP-SONIA-ON,BPSWS20 CMPN CURNCY,OIS_PAR_GBP_SPOT_20Y,20,20Y,OIS/GBP-SONIA-ON/PAR/OIS_PAR_GBP-SONIA-ON.csv,2026-06-02T15:20:13+00:00
OIS,GBP,GBP-SONIA-ON,BPSWS25 CMPN CURNCY,OIS_PAR_GBP_SPOT_25Y,25,25Y,OIS/GBP-SONIA-ON/PAR/OIS_PAR_GBP-SONIA-ON.csv,2026-06-02T15:20:13+00:00
OIS,GBP,GBP-SONIA-ON,BPSWS30 CMPN CURNCY,OIS_PAR_GBP_SPOT_30Y,30,30Y,OIS/GBP-SONIA-ON/PAR/OIS_PAR_GBP-SONIA-ON.csv,2026-06-02T15:20:13+00:00
OIS,GBP,GBP-SONIA-ON,BPSWS40 CMPN CURNCY,OIS_PAR_GBP_SPOT_40Y,40,40Y,OIS/GBP-SONIA-ON/PAR/OIS_PAR_GBP-SONIA-ON.csv,2026-06-02T15:20:13+00:00
OIS,GBP,GBP-SONIA-ON,BPSWS50 CMPN CURNCY,OIS_PAR_GBP_SPOT_50Y,50,50Y,OIS/GBP-SONIA-ON/PAR/OIS_PAR_GBP-SONIA-ON.csv,2026-06-02T15:20:13+00:00
OIS,ILS,ILS-SHIR-ON,SHIRON INDEX,OIS_PAR_ILS_SPOT_1D,0.002739726,1D,OIS/ILS-SHIR-ON/PAR/OIS_PAR_ILS-SHIR-ON.csv,2026-06-02T15:20:09+00:00
OIS,ILS,ILS-SHIR-ON,ISOISC BGN Curncy,OIS_PAR_ILS_SPOT_3M,0.25,3M,OIS/ILS-SHIR-ON/PAR/OIS_PAR_ILS-SHIR-ON.csv,2026-06-02T15:20:09+00:00
OIS,ILS,ILS-SHIR-ON,ISOISF BGN Curncy,OIS_PAR_ILS_SPOT_6M,0.5,6M,OIS/ILS-SHIR-ON/PAR/OIS_PAR_ILS-SHIR-ON.csv,2026-06-02T15:20:09+00:00
OIS,ILS,ILS-SHIR-ON,ISOISI BGN Curncy,OIS_PAR_ILS_SPOT_9M,0.75,9M,OIS/ILS-SHIR-ON/PAR/OIS_PAR_ILS-SHIR-ON.csv,2026-06-02T15:20:09+00:00
OIS,ILS,ILS-SHIR-ON,ISOIS1 BGN Curncy,OIS_PAR_ILS_SPOT_1Y,1,1Y,OIS/ILS-SHIR-ON/PAR/OIS_PAR_ILS-SHIR-ON.csv,2026-06-02T15:20:09+00:00
OIS,ILS,ILS-SHIR-ON,ISOIS2 BGN Curncy,OIS_PAR_ILS_SPOT_2Y,2,2Y,OIS/ILS-SHIR-ON/PAR/OIS_PAR_ILS-SHIR-ON.csv,2026-06-02T15:20:09+00:00
OIS,ILS,ILS-SHIR-ON,ISOIS3 BGN Curncy,OIS_PAR_ILS_SPOT_3Y,3,3Y,OIS/ILS-SHIR-ON/PAR/OIS_PAR_ILS-SHIR-ON.csv,2026-06-02T15:20:09+00:00
OIS,ILS,ILS-SHIR-ON,ISOIS4 BGN Curncy,OIS_PAR_ILS_SPOT_4Y,4,4Y,OIS/ILS-SHIR-ON/PAR/OIS_PAR_ILS-SHIR-ON.csv,2026-06-02T15:20:09+00:00
OIS,ILS,ILS-SHIR-ON,ISOIS5 BGN Curncy,OIS_PAR_ILS_SPOT_5Y,5,5Y,OIS/ILS-SHIR-ON/PAR/OIS_PAR_ILS-SHIR-ON.csv,2026-06-02T15:20:09+00:00
OIS,ILS,ILS-SHIR-ON,ISOIS6 BGN Curncy,OIS_PAR_ILS_SPOT_6Y,6,6Y,OIS/ILS-SHIR-ON/PAR/OIS_PAR_ILS-SHIR-ON.csv,2026-06-02T15:20:09+00:00
OIS,ILS,ILS-SHIR-ON,ISOIS7 BGN Curncy,OIS_PAR_ILS_SPOT_7Y,7,7Y,OIS/ILS-SHIR-ON/PAR/OIS_PAR_ILS-SHIR-ON.csv,2026-06-02T15:20:09+00:00
OIS,ILS,ILS-SHIR-ON,ISOIS10 BGN Curncy,OIS_PAR_ILS_SPOT_10Y,10,10Y,OIS/ILS-SHIR-ON/PAR/OIS_PAR_ILS-SHIR-ON.csv,2026-06-02T15:20:09+00:00
OIS,ILS,ILS-SHIR-ON,ISOIS12 BGN Curncy,OIS_PAR_ILS_SPOT_12Y,12,12Y,OIS/ILS-SHIR-ON/PAR/OIS_PAR_ILS-SHIR-ON.csv,2026-06-02T15:20:09+00:00
OIS,ILS,ILS-SHIR-ON,ISOIS15 BGN Curncy,OIS_PAR_ILS_SPOT_15Y,15,15Y,OIS/ILS-SHIR-ON/PAR/OIS_PAR_ILS-SHIR-ON.csv,2026-06-02T15:20:09+00:00
OIS,ILS,ILS-SHIR-ON,ISOIS20 BGN Curncy,OIS_PAR_ILS_SPOT_20Y,20,20Y,OIS/ILS-SHIR-ON/PAR/OIS_PAR_ILS-SHIR-ON.csv,2026-06-02T15:20:09+00:00
OIS,INR,INR-MIBOR-ON,IN00O/N Index,OIS_PAR_INR_SPOT_1D,0.002739726,1D,OIS/INR-MIBOR-ON/PAR/OIS_PAR_INR-MIBOR-ON.csv,2026-06-02T15:20:09+00:00
OIS,INR,INR-MIBOR-ON,IRSWNIA BGN Curncy,OIS_PAR_INR_SPOT_1M,0.083333333,1M,OIS/INR-MIBOR-ON/PAR/OIS_PAR_INR-MIBOR-ON.csv,2026-06-02T15:20:09+00:00
OIS,INR,INR-MIBOR-ON,IRSWNIB BGN Curncy,OIS_PAR_INR_SPOT_2M,0.166666667,2M,OIS/INR-MIBOR-ON/PAR/OIS_PAR_INR-MIBOR-ON.csv,2026-06-02T15:20:09+00:00
OIS,INR,INR-MIBOR-ON,IRSWNIC BGN Curncy,OIS_PAR_INR_SPOT_3M,0.25,3M,OIS/INR-MIBOR-ON/PAR/OIS_PAR_INR-MIBOR-ON.csv,2026-06-02T15:20:09+00:00
OIS,INR,INR-MIBOR-ON,IRSWNIF BGN Curncy,OIS_PAR_INR_SPOT_6M,0.5,6M,OIS/INR-MIBOR-ON/PAR/OIS_PAR_INR-MIBOR-ON.csv,2026-06-02T15:20:09+00:00
OIS,INR,INR-MIBOR-ON,IRSWNII BGN Curncy,OIS_PAR_INR_SPOT_9M,0.75,9M,OIS/INR-MIBOR-ON/PAR/OIS_PAR_INR-MIBOR-ON.csv,2026-06-02T15:20:09+00:00
OIS,INR,INR-MIBOR-ON,IRSWNI1 BGN Curncy,OIS_PAR_INR_SPOT_1Y,1,1Y,OIS/INR-MIBOR-ON/PAR/OIS_PAR_INR-MIBOR-ON.csv,2026-06-02T15:20:09+00:00
OIS,INR,INR-MIBOR-ON,IRSWNI2 BGN Curncy,OIS_PAR_INR_SPOT_2Y,2,2Y,OIS/INR-MIBOR-ON/PAR/OIS_PAR_INR-MIBOR-ON.csv,2026-06-02T15:20:09+00:00
OIS,INR,INR-MIBOR-ON,IRSWNI3 BGN Curncy,OIS_PAR_INR_SPOT_3Y,3,3Y,OIS/INR-MIBOR-ON/PAR/OIS_PAR_INR-MIBOR-ON.csv,2026-06-02T15:20:09+00:00
OIS,INR,INR-MIBOR-ON,IRSWNI4 BGN Curncy,OIS_PAR_INR_SPOT_4Y,4,4Y,OIS/INR-MIBOR-ON/PAR/OIS_PAR_INR-MIBOR-ON.csv,2026-06-02T15:20:09+00:00
OIS,INR,INR-MIBOR-ON,IRSWNI5 BGN Curncy,OIS_PAR_INR_SPOT_5Y,5,5Y,OIS/INR-MIBOR-ON/PAR/OIS_PAR_INR-MIBOR-ON.csv,2026-06-02T15:20:09+00:00
OIS,INR,INR-MIBOR-ON,IRSWNI7 BGN Curncy,OIS_PAR_INR_SPOT_7Y,7,7Y,OIS/INR-MIBOR-ON/PAR/OIS_PAR_INR-MIBOR-ON.csv,2026-06-02T15:20:09+00:00
OIS,INR,INR-MIBOR-ON,IRSWNI10 BGN Curncy,OIS_PAR_INR_SPOT_10Y,10,10Y,OIS/INR-MIBOR-ON/PAR/OIS_PAR_INR-MIBOR-ON.csv,2026-06-02T15:20:09+00:00
OIS,JPY,JPY-TONAR-ON,MUTKCALM      Index,JPY_PAR_OIS_SPOT_1D,0.002739726,1D,OIS/JPY-TONAR-ON/PAR/OIS_PAR_JPY-TONAR-ON.csv,2026-06-02T15:20:08+00:00
OIS,JPY,JPY-TONAR-ON,JYSO1Z   BGN  Curncy,JPY_PAR_OIS_SPOT_1W,0.019230769,1W,OIS/JPY-TONAR-ON/PAR/OIS_PAR_JPY-TONAR-ON.csv,2026-06-02T15:20:08+00:00
OIS,JPY,JPY-TONAR-ON,JYSO2Z   BGN  Curncy,JPY_PAR_OIS_SPOT_2W,0.038461538,2W,OIS/JPY-TONAR-ON/PAR/OIS_PAR_JPY-TONAR-ON.csv,2026-06-02T15:20:08+00:00
OIS,JPY,JPY-TONAR-ON,JYSO3Z   BGN  Curncy,JPY_PAR_OIS_SPOT_3W,0.057692308,3W,OIS/JPY-TONAR-ON/PAR/OIS_PAR_JPY-TONAR-ON.csv,2026-06-02T15:20:08+00:00
OIS,JPY,JPY-TONAR-ON,JYSOA    BGN  Curncy,JPY_PAR_OIS_SPOT_1M,0.083333333,1M,OIS/JPY-TONAR-ON/PAR/OIS_PAR_JPY-TONAR-ON.csv,2026-06-02T15:20:08+00:00
OIS,JPY,JPY-TONAR-ON,JYSOB    BGN  Curncy,JPY_PAR_OIS_SPOT_2M,0.166666667,2M,OIS/JPY-TONAR-ON/PAR/OIS_PAR_JPY-TONAR-ON.csv,2026-06-02T15:20:08+00:00
OIS,JPY,JPY-TONAR-ON,JYSOC    BGN  Curncy,JPY_PAR_OIS_SPOT_3M,0.25,3M,OIS/JPY-TONAR-ON/PAR/OIS_PAR_JPY-TONAR-ON.csv,2026-06-02T15:20:08+00:00
OIS,JPY,JPY-TONAR-ON,JYSOD    BGN  Curncy,JPY_PAR_OIS_SPOT_4M,0.333333333,4M,OIS/JPY-TONAR-ON/PAR/OIS_PAR_JPY-TONAR-ON.csv,2026-06-02T15:20:08+00:00
OIS,JPY,JPY-TONAR-ON,JYSOE    BGN  Curncy,JPY_PAR_OIS_SPOT_5M,0.416666667,5M,OIS/JPY-TONAR-ON/PAR/OIS_PAR_JPY-TONAR-ON.csv,2026-06-02T15:20:08+00:00
OIS,JPY,JPY-TONAR-ON,JYSOF    BGN  Curncy,JPY_PAR_OIS_SPOT_6M,0.5,6M,OIS/JPY-TONAR-ON/PAR/OIS_PAR_JPY-TONAR-ON.csv,2026-06-02T15:20:08+00:00
OIS,JPY,JPY-TONAR-ON,JYSOG    BGN  Curncy,JPY_PAR_OIS_SPOT_7M,0.583333333,7M,OIS/JPY-TONAR-ON/PAR/OIS_PAR_JPY-TONAR-ON.csv,2026-06-02T15:20:08+00:00
OIS,JPY,JPY-TONAR-ON,JYSOH    BGN  Curncy,JPY_PAR_OIS_SPOT_8M,0.666666667,8M,OIS/JPY-TONAR-ON/PAR/OIS_PAR_JPY-TONAR-ON.csv,2026-06-02T15:20:08+00:00
OIS,JPY,JPY-TONAR-ON,JYSOI    BGN  Curncy,JPY_PAR_OIS_SPOT_9M,0.75,9M,OIS/JPY-TONAR-ON/PAR/OIS_PAR_JPY-TONAR-ON.csv,2026-06-02T15:20:08+00:00
OIS,JPY,JPY-TONAR-ON,JYSOJ    BGN  Curncy,JPY_PAR_OIS_SPOT_10M,0.833333333,10M,OIS/JPY-TONAR-ON/PAR/OIS_PAR_JPY-TONAR-ON.csv,2026-06-02T15:20:08+00:00
OIS,JPY,JPY-TONAR-ON,JYSOK    BGN  Curncy,JPY_PAR_OIS_SPOT_11M,0.916666667,11M,OIS/JPY-TONAR-ON/PAR/OIS_PAR_JPY-TONAR-ON.csv,2026-06-02T15:20:08+00:00
OIS,JPY,JPY-TONAR-ON,JYSO1    BGN  Curncy,OIS_PAR_JPY_SPOT_1Y,1,1Y,OIS/JPY-TONAR-ON/PAR/OIS_PAR_JPY-TONAR-ON.csv,2026-06-02T15:20:08+00:00
OIS,JPY,JPY-TONAR-ON,JYSO1C   BGN  Curncy,JPY_PAR_OIS_SPOT_15M,1.25,15M,OIS/JPY-TONAR-ON/PAR/OIS_PAR_JPY-TONAR-ON.csv,2026-06-02T15:20:08+00:00
OIS,JPY,JPY-TONAR-ON,JYSO1F   BGN  Curncy,JPY_PAR_OIS_SPOT_18M,1.5,18M,OIS/JPY-TONAR-ON/PAR/OIS_PAR_JPY-TONAR-ON.csv,2026-06-02T15:20:08+00:00
OIS,JPY,JPY-TONAR-ON,JYSO2    BGN  Curncy,OIS_PAR_JPY_SPOT_2Y,2,2Y,OIS/JPY-TONAR-ON/PAR/OIS_PAR_JPY-TONAR-ON.csv,2026-06-02T15:20:08+00:00
OIS,JPY,JPY-TONAR-ON,JYSO3    BGN  Curncy,OIS_PAR_JPY_SPOT_3Y,3,3Y,OIS/JPY-TONAR-ON/PAR/OIS_PAR_JPY-TONAR-ON.csv,2026-06-02T15:20:08+00:00
OIS,JPY,JPY-TONAR-ON,JYSO4    BGN  Curncy,OIS_PAR_JPY_SPOT_4Y,4,4Y,OIS/JPY-TONAR-ON/PAR/OIS_PAR_JPY-TONAR-ON.csv,2026-06-02T15:20:08+00:00
OIS,JPY,JPY-TONAR-ON,JYSO5    BGN  Curncy,OIS_PAR_JPY_SPOT_5Y,5,5Y,OIS/JPY-TONAR-ON/PAR/OIS_PAR_JPY-TONAR-ON.csv,2026-06-02T15:20:08+00:00
OIS,JPY,JPY-TONAR-ON,JYSO6    BGN  Curncy,OIS_PAR_JPY_SPOT_6Y,6,6Y,OIS/JPY-TONAR-ON/PAR/OIS_PAR_JPY-TONAR-ON.csv,2026-06-02T15:20:08+00:00
OIS,JPY,JPY-TONAR-ON,JYSO7    BGN  Curncy,OIS_PAR_JPY_SPOT_7Y,7,7Y,OIS/JPY-TONAR-ON/PAR/OIS_PAR_JPY-TONAR-ON.csv,2026-06-02T15:20:08+00:00
OIS,JPY,JPY-TONAR-ON,JYSO8    BGN  Curncy,OIS_PAR_JPY_SPOT_8Y,8,8Y,OIS/JPY-TONAR-ON/PAR/OIS_PAR_JPY-TONAR-ON.csv,2026-06-02T15:20:08+00:00
OIS,JPY,JPY-TONAR-ON,JYSO9    BGN  Curncy,OIS_PAR_JPY_SPOT_9Y,9,9Y,OIS/JPY-TONAR-ON/PAR/OIS_PAR_JPY-TONAR-ON.csv,2026-06-02T15:20:08+00:00
OIS,JPY,JPY-TONAR-ON,JYSO10   BGN  Curncy,OIS_PAR_JPY_SPOT_10Y,10,10Y,OIS/JPY-TONAR-ON/PAR/OIS_PAR_JPY-TONAR-ON.csv,2026-06-02T15:20:08+00:00
OIS,JPY,JPY-TONAR-ON,JYSO11   BGN  Curncy,OIS_PAR_JPY_SPOT_11Y,11,11Y,OIS/JPY-TONAR-ON/PAR/OIS_PAR_JPY-TONAR-ON.csv,2026-06-02T15:20:08+00:00
OIS,JPY,JPY-TONAR-ON,JYSO12   BGN  Curncy,OIS_PAR_JPY_SPOT_12Y,12,12Y,OIS/JPY-TONAR-ON/PAR/OIS_PAR_JPY-TONAR-ON.csv,2026-06-02T15:20:08+00:00
OIS,JPY,JPY-TONAR-ON,JYSO15   BGN  Curncy,OIS_PAR_JPY_SPOT_15Y,15,15Y,OIS/JPY-TONAR-ON/PAR/OIS_PAR_JPY-TONAR-ON.csv,2026-06-02T15:20:08+00:00
OIS,JPY,JPY-TONAR-ON,JYSO20   BGN  Curncy,OIS_PAR_JPY_SPOT_20Y,20,20Y,OIS/JPY-TONAR-ON/PAR/OIS_PAR_JPY-TONAR-ON.csv,2026-06-02T15:20:08+00:00
OIS,JPY,JPY-TONAR-ON,JYSO25   BGN  Curncy,OIS_PAR_JPY_SPOT_25Y,25,25Y,OIS/JPY-TONAR-ON/PAR/OIS_PAR_JPY-TONAR-ON.csv,2026-06-02T15:20:08+00:00
OIS,JPY,JPY-TONAR-ON,JYSO30   BGN  Curncy,OIS_PAR_JPY_SPOT_30Y,30,30Y,OIS/JPY-TONAR-ON/PAR/OIS_PAR_JPY-TONAR-ON.csv,2026-06-02T15:20:08+00:00
OIS,JPY,JPY-TONAR-ON,JYSO35   BGN  Curncy,OIS_PAR_JPY_SPOT_35Y,35,35Y,OIS/JPY-TONAR-ON/PAR/OIS_PAR_JPY-TONAR-ON.csv,2026-06-02T15:20:08+00:00
OIS,JPY,JPY-TONAR-ON,JYSO40   BGN  Curncy,OIS_PAR_JPY_SPOT_40Y,40,40Y,OIS/JPY-TONAR-ON/PAR/OIS_PAR_JPY-TONAR-ON.csv,2026-06-02T15:20:08+00:00
OIS,NZD,NZD-NZOCRS-ON,NZOCRS Index,OIS_PAR_NZD_SPOT_1D,0.002739726,1D,OIS/NZD-NZOCRS-ON/PAR/OIS_PAR_NZD-NZOCRS-ON.csv,2026-06-02T15:20:09+00:00
OIS,NZD,NZD-NZOCRS-ON,NDSOA CMPN Curncy,OIS_PAR_NZD_SPOT_1M,0.083333333,1M,OIS/NZD-NZOCRS-ON/PAR/OIS_PAR_NZD-NZOCRS-ON.csv,2026-06-02T15:20:09+00:00
OIS,NZD,NZD-NZOCRS-ON,NDSOB CMPN Curncy,OIS_PAR_NZD_SPOT_2M,0.166666667,2M,OIS/NZD-NZOCRS-ON/PAR/OIS_PAR_NZD-NZOCRS-ON.csv,2026-06-02T15:20:09+00:00
OIS,NZD,NZD-NZOCRS-ON,NDSOC CMPN Curncy,OIS_PAR_NZD_SPOT_3M,0.25,3M,OIS/NZD-NZOCRS-ON/PAR/OIS_PAR_NZD-NZOCRS-ON.csv,2026-06-02T15:20:09+00:00
OIS,NZD,NZD-NZOCRS-ON,NDSOF CMPN Curncy,OIS_PAR_NZD_SPOT_6M,0.5,6M,OIS/NZD-NZOCRS-ON/PAR/OIS_PAR_NZD-NZOCRS-ON.csv,2026-06-02T15:20:09+00:00
OIS,NZD,NZD-NZOCRS-ON,NDSOI CMPN Curncy,OIS_PAR_NZD_SPOT_9M,0.75,9M,OIS/NZD-NZOCRS-ON/PAR/OIS_PAR_NZD-NZOCRS-ON.csv,2026-06-02T15:20:09+00:00
OIS,NZD,NZD-NZOCRS-ON,NDSO1 CMPN Curncy,OIS_PAR_NZD_SPOT_1Y,1,1Y,OIS/NZD-NZOCRS-ON/PAR/OIS_PAR_NZD-NZOCRS-ON.csv,2026-06-02T15:20:09+00:00
OIS,NZD,NZD-NZOCRS-ON,NDSO2 CMPN Curncy,OIS_PAR_NZD_SPOT_2Y,2,2Y,OIS/NZD-NZOCRS-ON/PAR/OIS_PAR_NZD-NZOCRS-ON.csv,2026-06-02T15:20:09+00:00
OIS,NZD,NZD-NZOCRS-ON,NDSO3 CMPN Curncy,OIS_PAR_NZD_SPOT_3Y,3,3Y,OIS/NZD-NZOCRS-ON/PAR/OIS_PAR_NZD-NZOCRS-ON.csv,2026-06-02T15:20:09+00:00
OIS,NZD,NZD-NZOCRS-ON,NDSO4 CMPN Curncy,OIS_PAR_NZD_SPOT_4Y,4,4Y,OIS/NZD-NZOCRS-ON/PAR/OIS_PAR_NZD-NZOCRS-ON.csv,2026-06-02T15:20:09+00:00
OIS,NZD,NZD-NZOCRS-ON,NDSO5 CMPN Curncy,OIS_PAR_NZD_SPOT_5Y,5,5Y,OIS/NZD-NZOCRS-ON/PAR/OIS_PAR_NZD-NZOCRS-ON.csv,2026-06-02T15:20:09+00:00
OIS,NZD,NZD-NZOCRS-ON,NDSO6 CMPN Curncy,OIS_PAR_NZD_SPOT_6Y,6,6Y,OIS/NZD-NZOCRS-ON/PAR/OIS_PAR_NZD-NZOCRS-ON.csv,2026-06-02T15:20:09+00:00
OIS,NZD,NZD-NZOCRS-ON,NDSO7 CMPN Curncy,OIS_PAR_NZD_SPOT_7Y,7,7Y,OIS/NZD-NZOCRS-ON/PAR/OIS_PAR_NZD-NZOCRS-ON.csv,2026-06-02T15:20:09+00:00
OIS,NZD,NZD-NZOCRS-ON,NDSO8 CMPN Curncy,OIS_PAR_NZD_SPOT_8Y,8,8Y,OIS/NZD-NZOCRS-ON/PAR/OIS_PAR_NZD-NZOCRS-ON.csv,2026-06-02T15:20:09+00:00
OIS,NZD,NZD-NZOCRS-ON,NDSO9 CMPN Curncy,OIS_PAR_NZD_SPOT_9Y,9,9Y,OIS/NZD-NZOCRS-ON/PAR/OIS_PAR_NZD-NZOCRS-ON.csv,2026-06-02T15:20:09+00:00
OIS,NZD,NZD-NZOCRS-ON,NDSO10 CMPN Curncy,OIS_PAR_NZD_SPOT_10Y,10,10Y,OIS/NZD-NZOCRS-ON/PAR/OIS_PAR_NZD-NZOCRS-ON.csv,2026-06-02T15:20:09+00:00
OIS,NZD,NZD-NZOCRS-ON,NDSO12 CMPN Curncy,OIS_PAR_NZD_SPOT_12Y,12,12Y,OIS/NZD-NZOCRS-ON/PAR/OIS_PAR_NZD-NZOCRS-ON.csv,2026-06-02T15:20:09+00:00
OIS,NZD,NZD-NZOCRS-ON,NDSO15 CMPN Curncy,OIS_PAR_NZD_SPOT_15Y,15,15Y,OIS/NZD-NZOCRS-ON/PAR/OIS_PAR_NZD-NZOCRS-ON.csv,2026-06-02T15:20:09+00:00
OIS,NZD,NZD-NZOCRS-ON,NDSO20 CMPN Curncy,OIS_PAR_NZD_SPOT_20Y,20,20Y,OIS/NZD-NZOCRS-ON/PAR/OIS_PAR_NZD-NZOCRS-ON.csv,2026-06-02T15:20:09+00:00
OIS,SGD,SGD-SOR-ON,SIBCSORA Index,SGD_PAR_OIS_SPOT_1D,0.002777778,1D,OIS/SGD-SOR-ON/PAR/OIS_PAR_SGD-SOR-ON.csv,2026-06-02T15:20:09+00:00
OIS,SGD,SGD-SOR-ON,SDSOAA BGN Curncy,SGD_PAR_OIS_SPOT_1M,0.083333333,1M,OIS/SGD-SOR-ON/PAR/OIS_PAR_SGD-SOR-ON.csv,2026-06-02T15:20:09+00:00
OIS,SGD,SGD-SOR-ON,SDSOAB BGN Curncy,SGD_PAR_OIS_SPOT_2M,0.166666667,2M,OIS/SGD-SOR-ON/PAR/OIS_PAR_SGD-SOR-ON.csv,2026-06-02T15:20:09+00:00
OIS,SGD,SGD-SOR-ON,SDSOAC BGN Curncy,SGD_PAR_OIS_SPOT_3M,0.25,3M,OIS/SGD-SOR-ON/PAR/OIS_PAR_SGD-SOR-ON.csv,2026-06-02T15:20:09+00:00
OIS,SGD,SGD-SOR-ON,SDSOAF BGN Curncy,SGD_PAR_OIS_SPOT_6M,0.5,6M,OIS/SGD-SOR-ON/PAR/OIS_PAR_SGD-SOR-ON.csv,2026-06-02T15:20:09+00:00
OIS,SGD,SGD-SOR-ON,SDSOAI BGN Curncy,SGD_PAR_OIS_SPOT_9M,0.75,9M,OIS/SGD-SOR-ON/PAR/OIS_PAR_SGD-SOR-ON.csv,2026-06-02T15:20:09+00:00
OIS,SGD,SGD-SOR-ON,SDSOA1 BGN Curncy,SGD_PAR_OIS_SPOT_1Y,1,1Y,OIS/SGD-SOR-ON/PAR/OIS_PAR_SGD-SOR-ON.csv,2026-06-02T15:20:09+00:00
OIS,SGD,SGD-SOR-ON,SDSOA1F BGN Curncy,SGD_PAR_OIS_SPOT_18M,1.5,18M,OIS/SGD-SOR-ON/PAR/OIS_PAR_SGD-SOR-ON.csv,2026-06-02T15:20:09+00:00
OIS,SGD,SGD-SOR-ON,SDSOA2 BGN Curncy,OIS_PAR_SGD_SPOT_2Y,2,2Y,OIS/SGD-SOR-ON/PAR/OIS_PAR_SGD-SOR-ON.csv,2026-06-02T15:20:09+00:00
OIS,SGD,SGD-SOR-ON,SDSOA3 BGN Curncy,OIS_PAR_SGD_SPOT_3Y,3,3Y,OIS/SGD-SOR-ON/PAR/OIS_PAR_SGD-SOR-ON.csv,2026-06-02T15:20:09+00:00
OIS,SGD,SGD-SOR-ON,SDSOA4 BGN Curncy,OIS_PAR_SGD_SPOT_4Y,4,4Y,OIS/SGD-SOR-ON/PAR/OIS_PAR_SGD-SOR-ON.csv,2026-06-02T15:20:09+00:00
OIS,SGD,SGD-SOR-ON,SDSOA5 BGN Curncy,OIS_PAR_SGD_SPOT_5Y,5,5Y,OIS/SGD-SOR-ON/PAR/OIS_PAR_SGD-SOR-ON.csv,2026-06-02T15:20:09+00:00
OIS,SGD,SGD-SOR-ON,SDSOA6 BGN Curncy,OIS_PAR_SGD_SPOT_6Y,6,6Y,OIS/SGD-SOR-ON/PAR/OIS_PAR_SGD-SOR-ON.csv,2026-06-02T15:20:09+00:00
OIS,SGD,SGD-SOR-ON,SDSOA7 BGN Curncy,OIS_PAR_SGD_SPOT_7Y,7,7Y,OIS/SGD-SOR-ON/PAR/OIS_PAR_SGD-SOR-ON.csv,2026-06-02T15:20:09+00:00
OIS,SGD,SGD-SOR-ON,SDSOA8 BGN Curncy,OIS_PAR_SGD_SPOT_8Y,8,8Y,OIS/SGD-SOR-ON/PAR/OIS_PAR_SGD-SOR-ON.csv,2026-06-02T15:20:09+00:00
OIS,SGD,SGD-SOR-ON,SDSOA9 BGN Curncy,OIS_PAR_SGD_SPOT_9Y,9,9Y,OIS/SGD-SOR-ON/PAR/OIS_PAR_SGD-SOR-ON.csv,2026-06-02T15:20:09+00:00
OIS,SGD,SGD-SOR-ON,SDSOA10 BGN Curncy,OIS_PAR_SGD_SPOT_10Y,10,10Y,OIS/SGD-SOR-ON/PAR/OIS_PAR_SGD-SOR-ON.csv,2026-06-02T15:20:09+00:00
OIS,SGD,SGD-SOR-ON,SDSOA12 BGN Curncy,OIS_PAR_SGD_SPOT_12Y,12,12Y,OIS/SGD-SOR-ON/PAR/OIS_PAR_SGD-SOR-ON.csv,2026-06-02T15:20:09+00:00
OIS,SGD,SGD-SOR-ON,SDSOA15 BGN Curncy,OIS_PAR_SGD_SPOT_15Y,15,15Y,OIS/SGD-SOR-ON/PAR/OIS_PAR_SGD-SOR-ON.csv,2026-06-02T15:20:09+00:00
OIS,SGD,SGD-SOR-ON,SDSOA20 BGN Curncy,OIS_PAR_SGD_SPOT_20Y,20,20Y,OIS/SGD-SOR-ON/PAR/OIS_PAR_SGD-SOR-ON.csv,2026-06-02T15:20:09+00:00
OIS,SGD,SGD-SOR-ON,SDSOA30 BGN Curncy,OIS_PAR_SGD_SPOT_30Y,30,30Y,OIS/SGD-SOR-ON/PAR/OIS_PAR_SGD-SOR-ON.csv,2026-06-02T15:20:09+00:00
OIS,THB,THB-THOR-ON,TTHORON index,OIS_PAR_THOR_SPOT_1D,0.002739726,1D,OIS/THB-THOR-ON/PAR/OIS_PAR_THB-THOR-ON.csv,2026-06-02T15:20:10+00:00
OIS,THB,THB-THOR-ON,TBSWHA BGN Curncy,OIS_PAR_THOR_SPOT_1M,0.083333333,1M,OIS/THB-THOR-ON/PAR/OIS_PAR_THB-THOR-ON.csv,2026-06-02T15:20:10+00:00
OIS,THB,THB-THOR-ON,TBSWHB BGN Curncy,OIS_PAR_THOR_SPOT_2M,0.166666667,2M,OIS/THB-THOR-ON/PAR/OIS_PAR_THB-THOR-ON.csv,2026-06-02T15:20:10+00:00
OIS,THB,THB-THOR-ON,TBSWHC BGN Curncy,OIS_PAR_THOR_SPOT_3M,0.25,3M,OIS/THB-THOR-ON/PAR/OIS_PAR_THB-THOR-ON.csv,2026-06-02T15:20:10+00:00
OIS,THB,THB-THOR-ON,TBSWHF BGN Curncy,OIS_PAR_THOR_SPOT_6M,0.5,6M,OIS/THB-THOR-ON/PAR/OIS_PAR_THB-THOR-ON.csv,2026-06-02T15:20:10+00:00
OIS,THB,THB-THOR-ON,TBSWHI BGN Curncy,OIS_PAR_THOR_SPOT_9M,0.75,9M,OIS/THB-THOR-ON/PAR/OIS_PAR_THB-THOR-ON.csv,2026-06-02T15:20:10+00:00
OIS,THB,THB-THOR-ON,TBSWH1 BGN Curncy,OIS_PAR_THOR_SPOT_1Y,1,1Y,OIS/THB-THOR-ON/PAR/OIS_PAR_THB-THOR-ON.csv,2026-06-02T15:20:10+00:00
OIS,THB,THB-THOR-ON,TBSWH2 BGN Curncy,OIS_PAR_THOR_SPOT_2Y,2,2Y,OIS/THB-THOR-ON/PAR/OIS_PAR_THB-THOR-ON.csv,2026-06-02T15:20:10+00:00
OIS,THB,THB-THOR-ON,TBSWH3 BGN Curncy,OIS_PAR_THOR_SPOT_3Y,3,3Y,OIS/THB-THOR-ON/PAR/OIS_PAR_THB-THOR-ON.csv,2026-06-02T15:20:10+00:00
OIS,THB,THB-THOR-ON,TBSWH4 BGN Curncy,OIS_PAR_THOR_SPOT_4Y,4,4Y,OIS/THB-THOR-ON/PAR/OIS_PAR_THB-THOR-ON.csv,2026-06-02T15:20:10+00:00
OIS,THB,THB-THOR-ON,TBSWH5 BGN Curncy,OIS_PAR_THOR_SPOT_5Y,5,5Y,OIS/THB-THOR-ON/PAR/OIS_PAR_THB-THOR-ON.csv,2026-06-02T15:20:10+00:00
OIS,THB,THB-THOR-ON,TBSWH7 BGN Curncy,OIS_PAR_THOR_SPOT_7Y,7,7Y,OIS/THB-THOR-ON/PAR/OIS_PAR_THB-THOR-ON.csv,2026-06-02T15:20:10+00:00
OIS,THB,THB-THOR-ON,TBSWH10 BGN Curncy,OIS_PAR_THOR_SPOT_10Y,10,10Y,OIS/THB-THOR-ON/PAR/OIS_PAR_THB-THOR-ON.csv,2026-06-02T15:20:10+00:00
OIS,THB,THB-THOR-ON,TBSWH12 BGN Curncy,OIS_PAR_THOR_SPOT_12Y,12,12Y,OIS/THB-THOR-ON/PAR/OIS_PAR_THB-THOR-ON.csv,2026-06-02T15:20:10+00:00
OIS,THB,THB-THOR-ON,TBSWH15 BGN Curncy,OIS_PAR_THOR_SPOT_15Y,15,15Y,OIS/THB-THOR-ON/PAR/OIS_PAR_THB-THOR-ON.csv,2026-06-02T15:20:10+00:00
OIS,THO,THO-THOR-ON,TTHORON index,OIS_PAR_THOR_SPOT_1D,0.002739726,1D,OIS/THO-THOR-ON/PAR/OIS_PAR_THO-THOR-ON.csv,2026-06-02T15:20:10+00:00
OIS,THO,THO-THOR-ON,TBSWI1Z BGN Curncy,OIS_PAR_THOR_SPOT_1W,0.020833333,1W,OIS/THO-THOR-ON/PAR/OIS_PAR_THO-THOR-ON.csv,2026-06-02T15:20:10+00:00
OIS,THO,THO-THOR-ON,TBSWI2Z BGN Curncy,OIS_PAR_THOR_SPOT_2W,0.041666667,2W,OIS/THO-THOR-ON/PAR/OIS_PAR_THO-THOR-ON.csv,2026-06-02T15:20:10+00:00
OIS,THO,THO-THOR-ON,TBSWIA BGN Curncy,OIS_PAR_THOR_SPOT_1M,0.083333333,1M,OIS/THO-THOR-ON/PAR/OIS_PAR_THO-THOR-ON.csv,2026-06-02T15:20:10+00:00
OIS,THO,THO-THOR-ON,TBSWIB BGN Curncy,OIS_PAR_THOR_SPOT_2M,0.166666667,2M,OIS/THO-THOR-ON/PAR/OIS_PAR_THO-THOR-ON.csv,2026-06-02T15:20:10+00:00
OIS,THO,THO-THOR-ON,TBSWIC BGN Curncy,OIS_PAR_THOR_SPOT_3M,0.25,3M,OIS/THO-THOR-ON/PAR/OIS_PAR_THO-THOR-ON.csv,2026-06-02T15:20:10+00:00
OIS,THO,THO-THOR-ON,TBSWIF BGN Curncy,OIS_PAR_THOR_SPOT_6M,0.5,6M,OIS/THO-THOR-ON/PAR/OIS_PAR_THO-THOR-ON.csv,2026-06-02T15:20:10+00:00
OIS,THO,THO-THOR-ON,TBSWII BGN Curncy,OIS_PAR_THOR_SPOT_9M,0.75,9M,OIS/THO-THOR-ON/PAR/OIS_PAR_THO-THOR-ON.csv,2026-06-02T15:20:10+00:00
OIS,THO,THO-THOR-ON,TBSWI1 BGN Curncy,OIS_PAR_THOR_SPOT_1Y,1,1Y,OIS/THO-THOR-ON/PAR/OIS_PAR_THO-THOR-ON.csv,2026-06-02T15:20:10+00:00
OIS,THO,THO-THOR-ON,TBSWI2 BGN Curncy,OIS_PAR_THOR_SPOT_2Y,2,2Y,OIS/THO-THOR-ON/PAR/OIS_PAR_THO-THOR-ON.csv,2026-06-02T15:20:10+00:00
OIS,THO,THO-THOR-ON,TBSWI3 BGN Curncy,OIS_PAR_THOR_SPOT_3Y,3,3Y,OIS/THO-THOR-ON/PAR/OIS_PAR_THO-THOR-ON.csv,2026-06-02T15:20:10+00:00
OIS,THO,THO-THOR-ON,TBSWI4 BGN Curncy,OIS_PAR_THOR_SPOT_4Y,4,4Y,OIS/THO-THOR-ON/PAR/OIS_PAR_THO-THOR-ON.csv,2026-06-02T15:20:10+00:00
OIS,THO,THO-THOR-ON,TBSWI5 BGN Curncy,OIS_PAR_THOR_SPOT_5Y,5,5Y,OIS/THO-THOR-ON/PAR/OIS_PAR_THO-THOR-ON.csv,2026-06-02T15:20:10+00:00
OIS,THO,THO-THOR-ON,TBSWI7 BGN Curncy,OIS_PAR_THOR_SPOT_7Y,7,7Y,OIS/THO-THOR-ON/PAR/OIS_PAR_THO-THOR-ON.csv,2026-06-02T15:20:10+00:00
OIS,THO,THO-THOR-ON,TBSWI10 BGN Curncy,OIS_PAR_THOR_SPOT_10Y,10,10Y,OIS/THO-THOR-ON/PAR/OIS_PAR_THO-THOR-ON.csv,2026-06-02T15:20:10+00:00
OIS,THO,THO-THOR-ON,TBSWI12 BGN Curncy,OIS_PAR_THOR_SPOT_12Y,12,12Y,OIS/THO-THOR-ON/PAR/OIS_PAR_THO-THOR-ON.csv,2026-06-02T15:20:10+00:00
OIS,THO,THO-THOR-ON,TBSWI15 BGN Curncy,OIS_PAR_THOR_SPOT_15Y,15,15Y,OIS/THO-THOR-ON/PAR/OIS_PAR_THO-THOR-ON.csv,2026-06-02T15:20:10+00:00
OIS,USD,USD-FEDFUNDS-ON,FEDL01        Index,USD_PAR_OIS_SPOT_1D,0.002777778,1D,OIS/USD-FEDFUNDS-ON/PAR/OIS_PAR_USD-FEDFUNDS-ON.csv,2026-06-02T15:20:14+00:00
OIS,USD,USD-FEDFUNDS-ON,USSO1Z   BGN Curncy,USD_PAR_OIS_SPOT_1W,0.019444444,1W,OIS/USD-FEDFUNDS-ON/PAR/OIS_PAR_USD-FEDFUNDS-ON.csv,2026-06-02T15:20:14+00:00
OIS,USD,USD-FEDFUNDS-ON,USSO2Z   BGN Curncy,USD_PAR_OIS_SPOT_2W,0.038888889,2W,OIS/USD-FEDFUNDS-ON/PAR/OIS_PAR_USD-FEDFUNDS-ON.csv,2026-06-02T15:20:14+00:00
OIS,USD,USD-FEDFUNDS-ON,USSO3Z   BGN Curncy,USD_PAR_OIS_SPOT_3W,0.058333333,3W,OIS/USD-FEDFUNDS-ON/PAR/OIS_PAR_USD-FEDFUNDS-ON.csv,2026-06-02T15:20:14+00:00
OIS,USD,USD-FEDFUNDS-ON,USSOA    BGN Curncy,USD_PAR_OIS_SPOT_1M,0.083333333,1M,OIS/USD-FEDFUNDS-ON/PAR/OIS_PAR_USD-FEDFUNDS-ON.csv,2026-06-02T15:20:14+00:00
OIS,USD,USD-FEDFUNDS-ON,USSOB    BGN Curncy,USD_PAR_OIS_SPOT_2M,0.166666667,2M,OIS/USD-FEDFUNDS-ON/PAR/OIS_PAR_USD-FEDFUNDS-ON.csv,2026-06-02T15:20:14+00:00
OIS,USD,USD-FEDFUNDS-ON,USSOC    BGN Curncy,USD_PAR_OIS_SPOT_3M,0.25,3M,OIS/USD-FEDFUNDS-ON/PAR/OIS_PAR_USD-FEDFUNDS-ON.csv,2026-06-02T15:20:14+00:00
OIS,USD,USD-FEDFUNDS-ON,USSOD    BGN Curncy,USD_PAR_OIS_SPOT_4M,0.333333333,4M,OIS/USD-FEDFUNDS-ON/PAR/OIS_PAR_USD-FEDFUNDS-ON.csv,2026-06-02T15:20:14+00:00
OIS,USD,USD-FEDFUNDS-ON,USSOE    BGN Curncy,USD_PAR_OIS_SPOT_5M,0.416666667,5M,OIS/USD-FEDFUNDS-ON/PAR/OIS_PAR_USD-FEDFUNDS-ON.csv,2026-06-02T15:20:14+00:00
OIS,USD,USD-FEDFUNDS-ON,USSOF    BGN Curncy,USD_PAR_OIS_SPOT_6M,0.5,6M,OIS/USD-FEDFUNDS-ON/PAR/OIS_PAR_USD-FEDFUNDS-ON.csv,2026-06-02T15:20:14+00:00
OIS,USD,USD-FEDFUNDS-ON,USSOG    BGN Curncy,USD_PAR_OIS_SPOT_7M,0.583333333,7M,OIS/USD-FEDFUNDS-ON/PAR/OIS_PAR_USD-FEDFUNDS-ON.csv,2026-06-02T15:20:14+00:00
OIS,USD,USD-FEDFUNDS-ON,USSOH    BGN Curncy,USD_PAR_OIS_SPOT_8M,0.666666667,8M,OIS/USD-FEDFUNDS-ON/PAR/OIS_PAR_USD-FEDFUNDS-ON.csv,2026-06-02T15:20:14+00:00
OIS,USD,USD-FEDFUNDS-ON,USSOI    BGN Curncy,USD_PAR_OIS_SPOT_9M,0.75,9M,OIS/USD-FEDFUNDS-ON/PAR/OIS_PAR_USD-FEDFUNDS-ON.csv,2026-06-02T15:20:14+00:00
OIS,USD,USD-FEDFUNDS-ON,USSOJ    BGN Curncy,USD_PAR_OIS_SPOT_10M,0.833333333,10M,OIS/USD-FEDFUNDS-ON/PAR/OIS_PAR_USD-FEDFUNDS-ON.csv,2026-06-02T15:20:14+00:00
OIS,USD,USD-FEDFUNDS-ON,USSOK    BGN Curncy,USD_PAR_OIS_SPOT_11M,0.916666667,11M,OIS/USD-FEDFUNDS-ON/PAR/OIS_PAR_USD-FEDFUNDS-ON.csv,2026-06-02T15:20:14+00:00
OIS,USD,USD-FEDFUNDS-ON,USSO1   BGN Curncy,USD_PAR_OIS_SPOT_1Y,1,1Y,OIS/USD-FEDFUNDS-ON/PAR/OIS_PAR_USD-FEDFUNDS-ON.csv,2026-06-02T15:20:14+00:00
OIS,USD,USD-FEDFUNDS-ON,USSO1C   BGN Curncy,USD_PAR_OIS_SPOT_15M,1.25,15M,OIS/USD-FEDFUNDS-ON/PAR/OIS_PAR_USD-FEDFUNDS-ON.csv,2026-06-02T15:20:14+00:00
OIS,USD,USD-FEDFUNDS-ON,USSO1F   BGN Curncy,USD_PAR_OIS_SPOT_18M,1.5,18M,OIS/USD-FEDFUNDS-ON/PAR/OIS_PAR_USD-FEDFUNDS-ON.csv,2026-06-02T15:20:14+00:00
OIS,USD,USD-FEDFUNDS-ON,USSO2 BGN Curncy,OIS_PAR_USD_SPOT_2Y,2,2Y,OIS/USD-FEDFUNDS-ON/PAR/OIS_PAR_USD-FEDFUNDS-ON.csv,2026-06-02T15:20:14+00:00
OIS,USD,USD-FEDFUNDS-ON,USSO3 BGN Curncy,OIS_PAR_USD_SPOT_3Y,3,3Y,OIS/USD-FEDFUNDS-ON/PAR/OIS_PAR_USD-FEDFUNDS-ON.csv,2026-06-02T15:20:14+00:00
OIS,USD,USD-FEDFUNDS-ON,USSO4 BGN Curncy,OIS_PAR_USD_SPOT_4Y,4,4Y,OIS/USD-FEDFUNDS-ON/PAR/OIS_PAR_USD-FEDFUNDS-ON.csv,2026-06-02T15:20:14+00:00
OIS,USD,USD-FEDFUNDS-ON,USSO5 BGN Curncy,OIS_PAR_USD_SPOT_5Y,5,5Y,OIS/USD-FEDFUNDS-ON/PAR/OIS_PAR_USD-FEDFUNDS-ON.csv,2026-06-02T15:20:14+00:00
OIS,USD,USD-FEDFUNDS-ON,USSO6 BGN Curncy,OIS_PAR_USD_SPOT_6Y,6,6Y,OIS/USD-FEDFUNDS-ON/PAR/OIS_PAR_USD-FEDFUNDS-ON.csv,2026-06-02T15:20:14+00:00
OIS,USD,USD-FEDFUNDS-ON,USSO7 BGN Curncy,OIS_PAR_USD_SPOT_7Y,7,7Y,OIS/USD-FEDFUNDS-ON/PAR/OIS_PAR_USD-FEDFUNDS-ON.csv,2026-06-02T15:20:14+00:00
OIS,USD,USD-FEDFUNDS-ON,USSO8 BGN Curncy,OIS_PAR_USD_SPOT_8Y,8,8Y,OIS/USD-FEDFUNDS-ON/PAR/OIS_PAR_USD-FEDFUNDS-ON.csv,2026-06-02T15:20:14+00:00
OIS,USD,USD-FEDFUNDS-ON,USSO9 BGN Curncy,OIS_PAR_USD_SPOT_9Y,9,9Y,OIS/USD-FEDFUNDS-ON/PAR/OIS_PAR_USD-FEDFUNDS-ON.csv,2026-06-02T15:20:14+00:00
OIS,USD,USD-FEDFUNDS-ON,USSO10 BGN Curncy,OIS_PAR_USD_SPOT_10Y,10,10Y,OIS/USD-FEDFUNDS-ON/PAR/OIS_PAR_USD-FEDFUNDS-ON.csv,2026-06-02T15:20:14+00:00
OIS,USD,USD-FEDFUNDS-ON,USSO12 BGN Curncy,OIS_PAR_USD_SPOT_12Y,12,12Y,OIS/USD-FEDFUNDS-ON/PAR/OIS_PAR_USD-FEDFUNDS-ON.csv,2026-06-02T15:20:14+00:00
OIS,USD,USD-FEDFUNDS-ON,USSO15 BGN Curncy,OIS_PAR_USD_SPOT_15Y,15,15Y,OIS/USD-FEDFUNDS-ON/PAR/OIS_PAR_USD-FEDFUNDS-ON.csv,2026-06-02T15:20:14+00:00
OIS,USD,USD-FEDFUNDS-ON,USSO20 BGN Curncy,OIS_PAR_USD_SPOT_20Y,20,20Y,OIS/USD-FEDFUNDS-ON/PAR/OIS_PAR_USD-FEDFUNDS-ON.csv,2026-06-02T15:20:14+00:00
OIS,USD,USD-FEDFUNDS-ON,USSO25 BGN Curncy,OIS_PAR_USD_SPOT_25Y,25,25Y,OIS/USD-FEDFUNDS-ON/PAR/OIS_PAR_USD-FEDFUNDS-ON.csv,2026-06-02T15:20:14+00:00
OIS,USD,USD-FEDFUNDS-ON,USSO30 BGN Curncy,OIS_PAR_USD_SPOT_30Y,30,30Y,OIS/USD-FEDFUNDS-ON/PAR/OIS_PAR_USD-FEDFUNDS-ON.csv,2026-06-02T15:20:14+00:00
OIS,USD,USD-SOFR-ON,SOFRRATE Index,OIS_PAR_SOFR_SPOT_1D,0.002777778,1D,OIS/USD-SOFR-ON/PAR/OIS_PAR_USD-SOFR-ON.csv,2026-06-02T15:20:08+00:00
OIS,USD,USD-SOFR-ON,USOSFR1Z BGN Curncy,OIS_PAR_SOFR_SPOT_1W,0.005555556,2D,OIS/USD-SOFR-ON/PAR/OIS_PAR_USD-SOFR-ON.csv,2026-06-02T15:20:08+00:00
OIS,USD,USD-SOFR-ON,USOSFR2Z BGN Curncy,OIS_PAR_SOFR_SPOT_2W,0.038888889,2W,OIS/USD-SOFR-ON/PAR/OIS_PAR_USD-SOFR-ON.csv,2026-06-02T15:20:08+00:00
OIS,USD,USD-SOFR-ON,USOSFR3Z BGN Curncy,OIS_PAR_SOFR_SPOT_3W,0.038888889,2W,OIS/USD-SOFR-ON/PAR/OIS_PAR_USD-SOFR-ON.csv,2026-06-02T15:20:08+00:00
OIS,USD,USD-SOFR-ON,USOSFRA BGN Curncy,OIS_PAR_SOFR_SPOT_1M,0.083333333,1M,OIS/USD-SOFR-ON/PAR/OIS_PAR_USD-SOFR-ON.csv,2026-06-02T15:20:08+00:00
OIS,USD,USD-SOFR-ON,USOSFRB BGN Curncy,OIS_PAR_SOFR_SPOT_2M,0.166666667,2M,OIS/USD-SOFR-ON/PAR/OIS_PAR_USD-SOFR-ON.csv,2026-06-02T15:20:08+00:00
OIS,USD,USD-SOFR-ON,USOSFRC BGN Curncy,OIS_PAR_SOFR_SPOT_3M,0.25,3M,OIS/USD-SOFR-ON/PAR/OIS_PAR_USD-SOFR-ON.csv,2026-06-02T15:20:08+00:00
OIS,USD,USD-SOFR-ON,USOSFRD BGN Curncy,OIS_PAR_SOFR_SPOT_4M,0.333333333,4M,OIS/USD-SOFR-ON/PAR/OIS_PAR_USD-SOFR-ON.csv,2026-06-02T15:20:08+00:00
OIS,USD,USD-SOFR-ON,USOSFRE BGN Curncy,OIS_PAR_SOFR_SPOT_5M,0.416666667,5M,OIS/USD-SOFR-ON/PAR/OIS_PAR_USD-SOFR-ON.csv,2026-06-02T15:20:08+00:00
OIS,USD,USD-SOFR-ON,USOSFRF BGN Curncy,OIS_PAR_SOFR_SPOT_6M,0.5,6M,OIS/USD-SOFR-ON/PAR/OIS_PAR_USD-SOFR-ON.csv,2026-06-02T15:20:08+00:00
OIS,USD,USD-SOFR-ON,USOSFRG BGN Curncy,OIS_PAR_SOFR_SPOT_7M,0.583333333,7M,OIS/USD-SOFR-ON/PAR/OIS_PAR_USD-SOFR-ON.csv,2026-06-02T15:20:08+00:00
OIS,USD,USD-SOFR-ON,USOSFRH BGN Curncy,OIS_PAR_SOFR_SPOT_8M,0.666666667,8M,OIS/USD-SOFR-ON/PAR/OIS_PAR_USD-SOFR-ON.csv,2026-06-02T15:20:08+00:00
OIS,USD,USD-SOFR-ON,USOSFRI BGN Curncy,OIS_PAR_SOFR_SPOT_9M,0.75,9M,OIS/USD-SOFR-ON/PAR/OIS_PAR_USD-SOFR-ON.csv,2026-06-02T15:20:08+00:00
OIS,USD,USD-SOFR-ON,USOSFRJ BGN Curncy,OIS_PAR_SOFR_SPOT_10M,0.833333333,10M,OIS/USD-SOFR-ON/PAR/OIS_PAR_USD-SOFR-ON.csv,2026-06-02T15:20:08+00:00
OIS,USD,USD-SOFR-ON,USOSFRK BGN Curncy,OIS_PAR_SOFR_SPOT_11M,0.916666667,11M,OIS/USD-SOFR-ON/PAR/OIS_PAR_USD-SOFR-ON.csv,2026-06-02T15:20:08+00:00
OIS,USD,USD-SOFR-ON,USOSFR1 BGN Curncy,OIS_PAR_SOFR_SPOT_1Y,1,1Y,OIS/USD-SOFR-ON/PAR/OIS_PAR_USD-SOFR-ON.csv,2026-06-02T15:20:08+00:00
OIS,USD,USD-SOFR-ON,USOSFR1F BGN Curncy,OIS_PAR_SOFR_SPOT_18M,1.5,18M,OIS/USD-SOFR-ON/PAR/OIS_PAR_USD-SOFR-ON.csv,2026-06-02T15:20:08+00:00
OIS,USD,USD-SOFR-ON,USOSFR2 BGN Curncy,OIS_PAR_SOFR_SPOT_2Y,2,2Y,OIS/USD-SOFR-ON/PAR/OIS_PAR_USD-SOFR-ON.csv,2026-06-02T15:20:08+00:00
OIS,USD,USD-SOFR-ON,USOSFR3 BGN Curncy,OIS_PAR_SOFR_SPOT_3Y,3,3Y,OIS/USD-SOFR-ON/PAR/OIS_PAR_USD-SOFR-ON.csv,2026-06-02T15:20:08+00:00
OIS,USD,USD-SOFR-ON,USOSFR4 BGN Curncy,OIS_PAR_SOFR_SPOT_4Y,4,4Y,OIS/USD-SOFR-ON/PAR/OIS_PAR_USD-SOFR-ON.csv,2026-06-02T15:20:08+00:00
OIS,USD,USD-SOFR-ON,USOSFR5 BGN Curncy,OIS_PAR_SOFR_SPOT_5Y,5,5Y,OIS/USD-SOFR-ON/PAR/OIS_PAR_USD-SOFR-ON.csv,2026-06-02T15:20:08+00:00
OIS,USD,USD-SOFR-ON,USOSFR6 BGN Curncy,OIS_PAR_SOFR_SPOT_6Y,6,6Y,OIS/USD-SOFR-ON/PAR/OIS_PAR_USD-SOFR-ON.csv,2026-06-02T15:20:08+00:00
OIS,USD,USD-SOFR-ON,USOSFR7 BGN Curncy,OIS_PAR_SOFR_SPOT_7Y,7,7Y,OIS/USD-SOFR-ON/PAR/OIS_PAR_USD-SOFR-ON.csv,2026-06-02T15:20:08+00:00
OIS,USD,USD-SOFR-ON,USOSFR8 BGN Curncy,OIS_PAR_SOFR_SPOT_8Y,8,8Y,OIS/USD-SOFR-ON/PAR/OIS_PAR_USD-SOFR-ON.csv,2026-06-02T15:20:08+00:00
OIS,USD,USD-SOFR-ON,USOSFR9 BGN Curncy,OIS_PAR_SOFR_SPOT_9Y,9,9Y,OIS/USD-SOFR-ON/PAR/OIS_PAR_USD-SOFR-ON.csv,2026-06-02T15:20:08+00:00
OIS,USD,USD-SOFR-ON,USOSFR10 BGN Curncy,OIS_PAR_SOFR_SPOT_10Y,10,10Y,OIS/USD-SOFR-ON/PAR/OIS_PAR_USD-SOFR-ON.csv,2026-06-02T15:20:08+00:00
OIS,USD,USD-SOFR-ON,USOSFR12 BGN Curncy,OIS_PAR_SOFR_SPOT_12Y,12,12Y,OIS/USD-SOFR-ON/PAR/OIS_PAR_USD-SOFR-ON.csv,2026-06-02T15:20:08+00:00
OIS,USD,USD-SOFR-ON,USOSFR15 BGN Curncy,OIS_PAR_SOFR_SPOT_15Y,15,15Y,OIS/USD-SOFR-ON/PAR/OIS_PAR_USD-SOFR-ON.csv,2026-06-02T15:20:08+00:00
OIS,USD,USD-SOFR-ON,USOSFR20 BGN Curncy,OIS_PAR_SOFR_SPOT_20Y,20,20Y,OIS/USD-SOFR-ON/PAR/OIS_PAR_USD-SOFR-ON.csv,2026-06-02T15:20:08+00:00
OIS,USD,USD-SOFR-ON,USOSFR25 BGN Curncy,OIS_PAR_SOFR_SPOT_25Y,25,25Y,OIS/USD-SOFR-ON/PAR/OIS_PAR_USD-SOFR-ON.csv,2026-06-02T15:20:08+00:00
OIS,USD,USD-SOFR-ON,USOSFR30 BGN Curncy,OIS_PAR_SOFR_SPOT_30Y,30,30Y,OIS/USD-SOFR-ON/PAR/OIS_PAR_USD-SOFR-ON.csv,2026-06-02T15:20:08+00:00
OIS,USD,USD-SOFR-ON,USOSFR40 BGN Curncy,OIS_PAR_SOFR_SPOT_40Y,40,40Y,OIS/USD-SOFR-ON/PAR/OIS_PAR_USD-SOFR-ON.csv,2026-06-02T15:20:08+00:00
OIS,USD,USD-SOFR-ON,USOSFR50 BGN Curncy,OIS_PAR_SOFR_SPOT_50Y,50,50Y,OIS/USD-SOFR-ON/PAR/OIS_PAR_USD-SOFR-ON.csv,2026-06-02T15:20:08+00:00
BASIS,ILS,ILS-SHIR-ON.USD-SOFR-ON,ISXOQQ1 BGN Curncy,BASIS_PAR_ILS_SPOT_1Y,1,1Y,BASIS/ILS-SHIR-ON.USD-SOFR-ON/PAR/BASIS_PAR_ILS-SHIR-ON.USD-SOFR-ON.csv,2026-06-02T15:20:12+00:00
BASIS,ILS,ILS-SHIR-ON.USD-SOFR-ON,ISXOQQ2 BGN Curncy,BASIS_PAR_ILS_SPOT_2Y,2,2Y,BASIS/ILS-SHIR-ON.USD-SOFR-ON/PAR/BASIS_PAR_ILS-SHIR-ON.USD-SOFR-ON.csv,2026-06-02T15:20:12+00:00
BASIS,ILS,ILS-SHIR-ON.USD-SOFR-ON,ISXOQQ3 BGN Curncy,BASIS_PAR_ILS_SPOT_3Y,3,3Y,BASIS/ILS-SHIR-ON.USD-SOFR-ON/PAR/BASIS_PAR_ILS-SHIR-ON.USD-SOFR-ON.csv,2026-06-02T15:20:12+00:00
BASIS,ILS,ILS-SHIR-ON.USD-SOFR-ON,ISXOQQ4 BGN Curncy,BASIS_PAR_ILS_SPOT_4Y,4,4Y,BASIS/ILS-SHIR-ON.USD-SOFR-ON/PAR/BASIS_PAR_ILS-SHIR-ON.USD-SOFR-ON.csv,2026-06-02T15:20:12+00:00
BASIS,ILS,ILS-SHIR-ON.USD-SOFR-ON,ISXOQQ5 BGN Curncy,BASIS_PAR_ILS_SPOT_5Y,5,5Y,BASIS/ILS-SHIR-ON.USD-SOFR-ON/PAR/BASIS_PAR_ILS-SHIR-ON.USD-SOFR-ON.csv,2026-06-02T15:20:12+00:00
BASIS,ILS,ILS-SHIR-ON.USD-SOFR-ON,ISXOQQ6 BGN Curncy,BASIS_PAR_ILS_SPOT_6Y,6,6Y,BASIS/ILS-SHIR-ON.USD-SOFR-ON/PAR/BASIS_PAR_ILS-SHIR-ON.USD-SOFR-ON.csv,2026-06-02T15:20:12+00:00
BASIS,ILS,ILS-SHIR-ON.USD-SOFR-ON,ISXOQQ7 BGN Curncy,BASIS_PAR_ILS_SPOT_7Y,7,7Y,BASIS/ILS-SHIR-ON.USD-SOFR-ON/PAR/BASIS_PAR_ILS-SHIR-ON.USD-SOFR-ON.csv,2026-06-02T15:20:12+00:00
BASIS,ILS,ILS-SHIR-ON.USD-SOFR-ON,ISXOQQ10 BGN Curncy,BASIS_PAR_ILS_SPOT_10Y,10,10Y,BASIS/ILS-SHIR-ON.USD-SOFR-ON/PAR/BASIS_PAR_ILS-SHIR-ON.USD-SOFR-ON.csv,2026-06-02T15:20:12+00:00
BASIS,ILS,ILS-SHIR-ON.USD-SOFR-ON,ISXOQQ12 BGN Curncy,BASIS_PAR_ILS_SPOT_12Y,12,12Y,BASIS/ILS-SHIR-ON.USD-SOFR-ON/PAR/BASIS_PAR_ILS-SHIR-ON.USD-SOFR-ON.csv,2026-06-02T15:20:12+00:00
BASIS,ILS,ILS-SHIR-ON.USD-SOFR-ON,ISXOQQ15 BGN Curncy,BASIS_PAR_ILS_SPOT_15Y,15,15Y,BASIS/ILS-SHIR-ON.USD-SOFR-ON/PAR/BASIS_PAR_ILS-SHIR-ON.USD-SOFR-ON.csv,2026-06-02T15:20:12+00:00
BASIS,ILS,ILS-SHIR-ON.USD-SOFR-ON,ISXOQQ20 BGN Curncy,BASIS_PAR_ILS_SPOT_20Y,20,20Y,BASIS/ILS-SHIR-ON.USD-SOFR-ON/PAR/BASIS_PAR_ILS-SHIR-ON.USD-SOFR-ON.csv,2026-06-02T15:20:12+00:00
BASIS,SGD,SGD-SOR-ON.USD-SOFR-ON,SDSF66M Curncy,BASIS_PAR_SGD_SPOT_6M,0.5,6M,BASIS/SGD-SOR-ON.USD-SOFR-ON/PAR/BASIS_PAR_SGD-SOR-ON.USD-SOFR-ON.csv,2026-06-02T15:20:12+00:00
BASIS,SGD,SGD-SOR-ON.USD-SOFR-ON,SDSF61Y Curncy,BASIS_PAR_SGD_SPOT_1Y,1,1Y,BASIS/SGD-SOR-ON.USD-SOFR-ON/PAR/BASIS_PAR_SGD-SOR-ON.USD-SOFR-ON.csv,2026-06-02T15:20:12+00:00
BASIS,SGD,SGD-SOR-ON.USD-SOFR-ON,SDSF62Y Curncy,BASIS_PAR_SGD_SPOT_2Y,2,2Y,BASIS/SGD-SOR-ON.USD-SOFR-ON/PAR/BASIS_PAR_SGD-SOR-ON.USD-SOFR-ON.csv,2026-06-02T15:20:12+00:00
BASIS,SGD,SGD-SOR-ON.USD-SOFR-ON,SDSF63Y Curncy,BASIS_PAR_SGD_SPOT_3Y,3,3Y,BASIS/SGD-SOR-ON.USD-SOFR-ON/PAR/BASIS_PAR_SGD-SOR-ON.USD-SOFR-ON.csv,2026-06-02T15:20:12+00:00
BASIS,SGD,SGD-SOR-ON.USD-SOFR-ON,SDSF64Y Curncy,BASIS_PAR_SGD_SPOT_4Y,4,4Y,BASIS/SGD-SOR-ON.USD-SOFR-ON/PAR/BASIS_PAR_SGD-SOR-ON.USD-SOFR-ON.csv,2026-06-02T15:20:12+00:00
BASIS,SGD,SGD-SOR-ON.USD-SOFR-ON,SDSF65Y Curncy,BASIS_PAR_SGD_SPOT_5Y,5,5Y,BASIS/SGD-SOR-ON.USD-SOFR-ON/PAR/BASIS_PAR_SGD-SOR-ON.USD-SOFR-ON.csv,2026-06-02T15:20:12+00:00
BASIS,SGD,SGD-SOR-ON.USD-SOFR-ON,SDSF66Y Curncy,BASIS_PAR_SGD_SPOT_6Y,6,6Y,BASIS/SGD-SOR-ON.USD-SOFR-ON/PAR/BASIS_PAR_SGD-SOR-ON.USD-SOFR-ON.csv,2026-06-02T15:20:12+00:00
BASIS,SGD,SGD-SOR-ON.USD-SOFR-ON,SDSF67Y Curncy,BASIS_PAR_SGD_SPOT_7Y,7,7Y,BASIS/SGD-SOR-ON.USD-SOFR-ON/PAR/BASIS_PAR_SGD-SOR-ON.USD-SOFR-ON.csv,2026-06-02T15:20:12+00:00
BASIS,SGD,SGD-SOR-ON.USD-SOFR-ON,SDSF610Y Curncy,BASIS_PAR_SGD_SPOT_10Y,10,10Y,BASIS/SGD-SOR-ON.USD-SOFR-ON/PAR/BASIS_PAR_SGD-SOR-ON.USD-SOFR-ON.csv,2026-06-02T15:20:12+00:00
BASIS,SGD,SGD-SOR-ON.USD-SOFR-ON,SDSF612Y Curncy,BASIS_PAR_SGD_SPOT_12Y,12,12Y,BASIS/SGD-SOR-ON.USD-SOFR-ON/PAR/BASIS_PAR_SGD-SOR-ON.USD-SOFR-ON.csv,2026-06-02T15:20:12+00:00
BASIS,SGD,SGD-SOR-ON.USD-SOFR-ON,SDSF615Y Curncy,BASIS_PAR_SGD_SPOT_15Y,15,15Y,BASIS/SGD-SOR-ON.USD-SOFR-ON/PAR/BASIS_PAR_SGD-SOR-ON.USD-SOFR-ON.csv,2026-06-02T15:20:12+00:00
BASIS,SGD,SGD-SOR-ON.USD-SOFR-ON,SDSF620Y Curncy,BASIS_PAR_SGD_SPOT_20Y,20,20Y,BASIS/SGD-SOR-ON.USD-SOFR-ON/PAR/BASIS_PAR_SGD-SOR-ON.USD-SOFR-ON.csv,2026-06-02T15:20:12+00:00
BASIS,SGD,SGD-SOR-ON.USD-SOFR-ON,SDSF630Y Curncy,BASIS_PAR_SGD_SPOT_30Y,30,30Y,BASIS/SGD-SOR-ON.USD-SOFR-ON/PAR/BASIS_PAR_SGD-SOR-ON.USD-SOFR-ON.csv,2026-06-02T15:20:12+00:00
CCS,CNH,CNH-FIXED.USD-SOFR-ON,CNHSQQF BGN Curncy,CCS_PAR_CNH_SPOT_6M,0.5,6M,CCS/CNH-FIXED.USD-SOFR-ON/PAR/CCS_PAR_CNH-FIXED.USD-SOFR-ON.csv,2026-06-02T15:20:12+00:00
CCS,CNH,CNH-FIXED.USD-SOFR-ON,CNHSQQ1 BGN Curncy,CCS_PAR_CNH_SPOT_1Y,1,1Y,CCS/CNH-FIXED.USD-SOFR-ON/PAR/CCS_PAR_CNH-FIXED.USD-SOFR-ON.csv,2026-06-02T15:20:12+00:00
CCS,CNH,CNH-FIXED.USD-SOFR-ON,CNHSQQ2 BGN Curncy,CCS_PAR_CNH_SPOT_2Y,2,2Y,CCS/CNH-FIXED.USD-SOFR-ON/PAR/CCS_PAR_CNH-FIXED.USD-SOFR-ON.csv,2026-06-02T15:20:12+00:00
CCS,CNH,CNH-FIXED.USD-SOFR-ON,CNHSQQ3 BGN Curncy,CCS_PAR_CNH_SPOT_3Y,3,3Y,CCS/CNH-FIXED.USD-SOFR-ON/PAR/CCS_PAR_CNH-FIXED.USD-SOFR-ON.csv,2026-06-02T15:20:12+00:00
CCS,CNH,CNH-FIXED.USD-SOFR-ON,CNHSQQ4 BGN Curncy,CCS_PAR_CNH_SPOT_4Y,4,4Y,CCS/CNH-FIXED.USD-SOFR-ON/PAR/CCS_PAR_CNH-FIXED.USD-SOFR-ON.csv,2026-06-02T15:20:12+00:00
CCS,CNH,CNH-FIXED.USD-SOFR-ON,CNHSQQ5 BGN Curncy,CCS_PAR_CNH_SPOT_5Y,5,5Y,CCS/CNH-FIXED.USD-SOFR-ON/PAR/CCS_PAR_CNH-FIXED.USD-SOFR-ON.csv,2026-06-02T15:20:12+00:00
CCS,CNH,CNH-FIXED.USD-SOFR-ON,CNHSQQ7 BGN Curncy,CCS_PAR_CNH_SPOT_7Y,7,7Y,CCS/CNH-FIXED.USD-SOFR-ON/PAR/CCS_PAR_CNH-FIXED.USD-SOFR-ON.csv,2026-06-02T15:20:12+00:00
CCS,CNH,CNH-FIXED.USD-SOFR-ON,CNHSQQ10 BGN Curncy,CCS_PAR_CNH_SPOT_10Y,10,10Y,CCS/CNH-FIXED.USD-SOFR-ON/PAR/CCS_PAR_CNH-FIXED.USD-SOFR-ON.csv,2026-06-02T15:20:12+00:00
LINKER,AUD,AUD_LINKER,CTAUDII5Y Govt,BOND_ACGBI_5Y,5,5Y,BONDS/AUD/LINKER/AUD_LINKER.csv,2026-06-02T15:24:33+00:00
LINKER,AUD,AUD_LINKER,CTAUDII10Y Govt,BOND_ACGBI_10Y,10,10Y,BONDS/AUD/LINKER/AUD_LINKER.csv,2026-06-02T15:24:33+00:00
LINKER,AUD,AUD_LINKER,CTAUDII15Y Govt,BOND_ACGBI_15Y,15,15Y,BONDS/AUD/LINKER/AUD_LINKER.csv,2026-06-02T15:24:33+00:00
LINKER,AUD,AUD_LINKER,CTAUDII20Y Govt,BOND_ACGBI_20Y,20,20Y,BONDS/AUD/LINKER/AUD_LINKER.csv,2026-06-02T15:24:33+00:00
GOVT,CNY,CNY_GOVT,GCDB1YR INDEX,BOND_CDB_1Y,1,1Y,BONDS/CNY/GOVT/CNY_GOVT.csv,2026-06-02T15:24:33+00:00
GOVT,CNY,CNY_GOVT,GCDB5YR INDEX,BOND_CDB_5Y,5,5Y,BONDS/CNY/GOVT/CNY_GOVT.csv,2026-06-02T15:24:33+00:00
GOVT,CNY,CNY_GOVT,GCDB10YR INDEX,BOND_CDB_10Y,10,10Y,BONDS/CNY/GOVT/CNY_GOVT.csv,2026-06-02T15:24:33+00:00
GOVT,IDR,IDR_GOVT,GIDN1YR INDEX,BOND_IDGB_1Y,1,1Y,BONDS/IDR/GOVT/IDR_GOVT.csv,2026-06-02T15:24:34+00:00
GOVT,IDR,IDR_GOVT,GIDN3YR INDEX,BOND_IDGB_3Y,3,3Y,BONDS/IDR/GOVT/IDR_GOVT.csv,2026-06-02T15:24:34+00:00
GOVT,IDR,IDR_GOVT,GIDN5YR INDEX,BOND_IDGB_5Y,5,5Y,BONDS/IDR/GOVT/IDR_GOVT.csv,2026-06-02T15:24:34+00:00
GOVT,IDR,IDR_GOVT,GIDN7YR INDEX,BOND_IDGB_7Y,7,7Y,BONDS/IDR/GOVT/IDR_GOVT.csv,2026-06-02T15:24:34+00:00
GOVT,IDR,IDR_GOVT,GIDN10YR INDEX,BOND_IDGB_10Y,10,10Y,BONDS/IDR/GOVT/IDR_GOVT.csv,2026-06-02T15:24:34+00:00
GOVT,IDR,IDR_GOVT,GIDN20YR INDEX,BOND_IDGB_20Y,20,20Y,BONDS/IDR/GOVT/IDR_GOVT.csv,2026-06-02T15:24:34+00:00
GOVT,IDR,IDR_GOVT,GIDN30YR Index,BOND_IDGB_30Y,30,30Y,BONDS/IDR/GOVT/IDR_GOVT.csv,2026-06-02T15:24:34+00:00
GOVT,JPY,JPY_GOVT,GTJPY1Y govt,BOND_JGB_1Y,1,1Y,BONDS/JPY/GOVT/JPY_GOVT.csv,2026-06-02T15:24:34+00:00
GOVT,JPY,JPY_GOVT,GTJPY2Y govt,BOND_JGB_2Y,2,2Y,BONDS/JPY/GOVT/JPY_GOVT.csv,2026-06-02T15:24:34+00:00
GOVT,JPY,JPY_GOVT,GTJPY3Y govt,BOND_JGB_3Y,3,3Y,BONDS/JPY/GOVT/JPY_GOVT.csv,2026-06-02T15:24:34+00:00
GOVT,JPY,JPY_GOVT,GTJPY4Y govt,BOND_JGB_4Y,4,4Y,BONDS/JPY/GOVT/JPY_GOVT.csv,2026-06-02T15:24:34+00:00
GOVT,JPY,JPY_GOVT,GTJPY5Y govt,BOND_JGB_5Y,5,5Y,BONDS/JPY/GOVT/JPY_GOVT.csv,2026-06-02T15:24:34+00:00
GOVT,JPY,JPY_GOVT,GTJPY6Y govt,BOND_JGB_6Y,6,6Y,BONDS/JPY/GOVT/JPY_GOVT.csv,2026-06-02T15:24:34+00:00
GOVT,JPY,JPY_GOVT,GTJPY7Y govt,BOND_JGB_7Y,7,7Y,BONDS/JPY/GOVT/JPY_GOVT.csv,2026-06-02T15:24:34+00:00
GOVT,JPY,JPY_GOVT,GTJPY10Y govt,BOND_JGB_10Y,10,10Y,BONDS/JPY/GOVT/JPY_GOVT.csv,2026-06-02T15:24:34+00:00
GOVT,JPY,JPY_GOVT,GTJPY15Y govt,BOND_JGB_15Y,15,15Y,BONDS/JPY/GOVT/JPY_GOVT.csv,2026-06-02T15:24:34+00:00
GOVT,JPY,JPY_GOVT,GTJPY20Y govt,BOND_JGB_20Y,20,20Y,BONDS/JPY/GOVT/JPY_GOVT.csv,2026-06-02T15:24:34+00:00
GOVT,JPY,JPY_GOVT,GTJPY30Y govt,BOND_JGB_30Y,30,30Y,BONDS/JPY/GOVT/JPY_GOVT.csv,2026-06-02T15:24:34+00:00
LINKER,JPY,JPY_LINKER,GTJPYII5YR  govt,BOND_JGBI_5Y,5,5Y,BONDS/JPY/LINKER/JPY_LINKER.csv,2026-06-02T15:24:34+00:00
LINKER,JPY,JPY_LINKER,GTJPYII6YR  govt,BOND_JGBI_6Y,6,6Y,BONDS/JPY/LINKER/JPY_LINKER.csv,2026-06-02T15:24:34+00:00
LINKER,JPY,JPY_LINKER,GTJPYII7YR  govt,BOND_JGBI_7Y,7,7Y,BONDS/JPY/LINKER/JPY_LINKER.csv,2026-06-02T15:24:34+00:00
LINKER,JPY,JPY_LINKER,GTJPYII8YR  govt,BOND_JGBI_8Y,8,8Y,BONDS/JPY/LINKER/JPY_LINKER.csv,2026-06-02T15:24:34+00:00
LINKER,JPY,JPY_LINKER,GTJPYII9YR  govt,BOND_JGBI_9Y,9,9Y,BONDS/JPY/LINKER/JPY_LINKER.csv,2026-06-02T15:24:34+00:00
LINKER,JPY,JPY_LINKER,GTJPYII10YR  govt,BOND_JGBI_10Y,10,10Y,BONDS/JPY/LINKER/JPY_LINKER.csv,2026-06-02T15:24:34+00:00
GOVT,KRW,KRW_GOVT,GVSK3MON Index,BOND_KTB_3M,0.25,3M,BONDS/KRW/GOVT/KRW_GOVT.csv,2026-06-02T15:24:34+00:00
GOVT,KRW,KRW_GOVT,GVSK6MON Index,BOND_KTB_6M,0.5,6M,BONDS/KRW/GOVT/KRW_GOVT.csv,2026-06-02T15:24:34+00:00
GOVT,KRW,KRW_GOVT,GVSK1YR Index,BOND_KTB_1Y,1,1Y,BONDS/KRW/GOVT/KRW_GOVT.csv,2026-06-02T15:24:34+00:00
GOVT,KRW,KRW_GOVT,GVSK2YR Index,BOND_KTB_2Y,2,2Y,BONDS/KRW/GOVT/KRW_GOVT.csv,2026-06-02T15:24:34+00:00
GOVT,KRW,KRW_GOVT,GVSK3YR Index,BOND_KTB_3Y,3,3Y,BONDS/KRW/GOVT/KRW_GOVT.csv,2026-06-02T15:24:34+00:00
GOVT,KRW,KRW_GOVT,GVSK5YR Index,BOND_KTB_5Y,5,5Y,BONDS/KRW/GOVT/KRW_GOVT.csv,2026-06-02T15:24:34+00:00
GOVT,KRW,KRW_GOVT,GVSK10YR Index,BOND_KTB_10Y,10,10Y,BONDS/KRW/GOVT/KRW_GOVT.csv,2026-06-02T15:24:34+00:00
GOVT,KRW,KRW_GOVT,GVSK20YR Index,BOND_KTB_20Y,20,20Y,BONDS/KRW/GOVT/KRW_GOVT.csv,2026-06-02T15:24:34+00:00
GOVT,MYR,MYR_GOVT,MAGY3YR INDEX,BOND_MGS_3Y,3,3Y,BONDS/MYR/GOVT/MYR_GOVT.csv,2026-06-02T15:24:35+00:00
GOVT,MYR,MYR_GOVT,MAGY5YR INDEX,BOND_MGS_5Y,5,5Y,BONDS/MYR/GOVT/MYR_GOVT.csv,2026-06-02T15:24:35+00:00
GOVT,MYR,MYR_GOVT,MAGY7YR INDEX,BOND_MGS_7Y,7,7Y,BONDS/MYR/GOVT/MYR_GOVT.csv,2026-06-02T15:24:35+00:00
GOVT,MYR,MYR_GOVT,MAGY10YR INDEX,BOND_MGS_10Y,10,10Y,BONDS/MYR/GOVT/MYR_GOVT.csv,2026-06-02T15:24:35+00:00
GOVT,MYR,MYR_GOVT,MAGY20YR INDEX,BOND_MGS_20Y,20,20Y,BONDS/MYR/GOVT/MYR_GOVT.csv,2026-06-02T15:24:35+00:00
GOVT,USD,USD_GOVT,USGG1M Index,BOND_UST_1M,0.083333333,1M,BONDS/USD/GOVT/USD_GOVT.csv,2026-06-02T15:24:35+00:00
GOVT,USD,USD_GOVT,USGG6M Index,BOND_UST_6M,0.5,6M,BONDS/USD/GOVT/USD_GOVT.csv,2026-06-02T15:24:35+00:00
GOVT,USD,USD_GOVT,USGG12M Index,BOND_UST_1Y,1,1Y,BONDS/USD/GOVT/USD_GOVT.csv,2026-06-02T15:24:35+00:00
GOVT,USD,USD_GOVT,USGG2YR Index,BOND_UST_2Y,2,2Y,BONDS/USD/GOVT/USD_GOVT.csv,2026-06-02T15:24:35+00:00
GOVT,USD,USD_GOVT,USGG3YR Index,BOND_UST_3Y,3,3Y,BONDS/USD/GOVT/USD_GOVT.csv,2026-06-02T15:24:35+00:00
GOVT,USD,USD_GOVT,USGG5YR Index,BOND_UST_5Y,5,5Y,BONDS/USD/GOVT/USD_GOVT.csv,2026-06-02T15:24:35+00:00
GOVT,USD,USD_GOVT,USGG7YR Index,BOND_UST_7Y,7,7Y,BONDS/USD/GOVT/USD_GOVT.csv,2026-06-02T15:24:35+00:00
GOVT,USD,USD_GOVT,USGG10YR Index,BOND_UST_10Y,10,10Y,BONDS/USD/GOVT/USD_GOVT.csv,2026-06-02T15:24:35+00:00
GOVT,USD,USD_GOVT,USGG20YR Index,BOND_UST_20Y,20,20Y,BONDS/USD/GOVT/USD_GOVT.csv,2026-06-02T15:24:35+00:00
GOVT,USD,USD_GOVT,USGG30YR Index,BOND_UST_30Y,30,30Y,BONDS/USD/GOVT/USD_GOVT.csv,2026-06-02T15:24:35+00:00
FX,AUD,FX_AUD,AUD curncy,FX_AUD_SPOT,0,SPOT,FX/AUD/FX_AUD.csv,2026-06-02T15:20:07+00:00
FX,AUD,FX_AUD,AUD1W curncy,FX_AUD_1W,0.020833333,1W,FX/AUD/FX_AUD.csv,2026-06-02T15:20:07+00:00
FX,AUD,FX_AUD,AUD1M curncy,FX_AUD_1M,0.083333333,1M,FX/AUD/FX_AUD.csv,2026-06-02T15:20:07+00:00
FX,AUD,FX_AUD,AUD3m curncy,FX_AUD_3M,0.25,3M,FX/AUD/FX_AUD.csv,2026-06-02T15:20:07+00:00
FX,AUD,FX_AUD,AUD6m curncy,FX_AUD_6M,0.5,6M,FX/AUD/FX_AUD.csv,2026-06-02T15:20:07+00:00
FX,AUD,FX_AUD,AUD9m curncy,FX_AUD_9M,0.75,9M,FX/AUD/FX_AUD.csv,2026-06-02T15:20:07+00:00
FX,AUD,FX_AUD,AUD12m curncy,FX_AUD_12M,1,1Y,FX/AUD/FX_AUD.csv,2026-06-02T15:20:07+00:00
FX,AUD,FX_AUD,AUD2Y curncy,FX_AUD_2Y,2,2Y,FX/AUD/FX_AUD.csv,2026-06-02T15:20:07+00:00
FX,CAD,FX_CAD,CAD Curncy,FX_CAD_SPOT,0,SPOT,FX/CAD/FX_CAD.csv,2026-06-02T15:20:05+00:00
FX,CAD,FX_CAD,CAD1W Curncy,FX_CAD_1W,0.020833333,1W,FX/CAD/FX_CAD.csv,2026-06-02T15:20:05+00:00
FX,CAD,FX_CAD,CAD2W Curncy,FX_CAD_2W,0.041666666,2W,FX/CAD/FX_CAD.csv,2026-06-02T15:20:05+00:00
FX,CAD,FX_CAD,CAD3W Curncy,FX_CAD_3W,0.062499999,3W,FX/CAD/FX_CAD.csv,2026-06-02T15:20:05+00:00
FX,CAD,FX_CAD,CAD1M Curncy,FX_CAD_1M,0.083333333,1M,FX/CAD/FX_CAD.csv,2026-06-02T15:20:05+00:00
FX,CAD,FX_CAD,CAD2M Curncy,FX_CAD_2M,0.166666667,2M,FX/CAD/FX_CAD.csv,2026-06-02T15:20:05+00:00
FX,CAD,FX_CAD,CAD3M Curncy,FX_CAD_3M,0.25,3M,FX/CAD/FX_CAD.csv,2026-06-02T15:20:05+00:00
FX,CAD,FX_CAD,CAD4M Curncy,FX_CAD_4M,0.333333333,4M,FX/CAD/FX_CAD.csv,2026-06-02T15:20:05+00:00
FX,CAD,FX_CAD,CAD5M Curncy,FX_CAD_5M,0.416666667,5M,FX/CAD/FX_CAD.csv,2026-06-02T15:20:05+00:00
FX,CAD,FX_CAD,CAD6M Curncy,FX_CAD_6M,0.5,6M,FX/CAD/FX_CAD.csv,2026-06-02T15:20:05+00:00
FX,CAD,FX_CAD,CAD9M Curncy,FX_CAD_9M,0.75,9M,FX/CAD/FX_CAD.csv,2026-06-02T15:20:05+00:00
FX,CAD,FX_CAD,CAD12M Curncy,FX_CAD_12M,1,1Y,FX/CAD/FX_CAD.csv,2026-06-02T15:20:05+00:00
FX,CAD,FX_CAD,CAD18M Curncy,FX_CAD_18M,1.5,18M,FX/CAD/FX_CAD.csv,2026-06-02T15:20:05+00:00
FX,CAD,FX_CAD,CAD2Y Curncy,FX_CAD_2Y,2,2Y,FX/CAD/FX_CAD.csv,2026-06-02T15:20:05+00:00
FX,CHF,FX_CHF,CHF curncy,FX_CHF_SPOT,0,SPOT,FX/CHF/FX_CHF.csv,2026-06-02T15:20:06+00:00
FX,CHF,FX_CHF,CHF1W curncy,FX_CHF_1W,0.020833333,1W,FX/CHF/FX_CHF.csv,2026-06-02T15:20:06+00:00
FX,CHF,FX_CHF,CHF1M curncy,FX_CHF_1M,0.083333333,1M,FX/CHF/FX_CHF.csv,2026-06-02T15:20:06+00:00
FX,CHF,FX_CHF,CHF3m curncy,FX_CHF_3M,0.25,3M,FX/CHF/FX_CHF.csv,2026-06-02T15:20:06+00:00
FX,CHF,FX_CHF,CHF6m curncy,FX_CHF_6M,0.5,6M,FX/CHF/FX_CHF.csv,2026-06-02T15:20:06+00:00
FX,CHF,FX_CHF,CHF9m curncy,FX_CHF_9M,0.75,9M,FX/CHF/FX_CHF.csv,2026-06-02T15:20:06+00:00
FX,CHF,FX_CHF,CHF12m curncy,FX_CHF_12M,1,1Y,FX/CHF/FX_CHF.csv,2026-06-02T15:20:06+00:00
FX,CHF,FX_CHF,CHF2Y curncy,FX_CHF_2Y,2,2Y,FX/CHF/FX_CHF.csv,2026-06-02T15:20:06+00:00
FX,CNH,FX_CNH,CNH curncy,FX_CNH_SPOT,0,SPOT,FX/CNH/FX_CNH.csv,2026-06-02T15:20:04+00:00
FX,CNH,FX_CNH,CNH+1W curncy,FX_CNH_1W,0.020833333,1W,FX/CNH/FX_CNH.csv,2026-06-02T15:20:04+00:00
FX,CNH,FX_CNH,CNH+1M curncy,FX_CNH_1M,0.083333333,1M,FX/CNH/FX_CNH.csv,2026-06-02T15:20:04+00:00
FX,CNH,FX_CNH,CNH+3m curncy,FX_CNH_3M,0.25,3M,FX/CNH/FX_CNH.csv,2026-06-02T15:20:04+00:00
FX,CNH,FX_CNH,CNH+6m curncy,FX_CNH_6M,0.5,6M,FX/CNH/FX_CNH.csv,2026-06-02T15:20:04+00:00
FX,CNH,FX_CNH,CNH+9m curncy,FX_CNH_9M,0.75,9M,FX/CNH/FX_CNH.csv,2026-06-02T15:20:04+00:00
FX,CNH,FX_CNH,CNH+12m curncy,FX_CNH_12M,1,1Y,FX/CNH/FX_CNH.csv,2026-06-02T15:20:04+00:00
FX,CNH,FX_CNH,CNH+2Y curncy,FX_CNH_2Y,2,2Y,FX/CNH/FX_CNH.csv,2026-06-02T15:20:04+00:00
FX,EUR,FX_EUR,EUR curncy,FX_EUR_SPOT,0,SPOT,FX/EUR/FX_EUR.csv,2026-06-02T15:20:07+00:00
FX,EUR,FX_EUR,EUR1W curncy,FX_EUR_1W,0.020833333,1W,FX/EUR/FX_EUR.csv,2026-06-02T15:20:07+00:00
FX,EUR,FX_EUR,EUR1M curncy,FX_EUR_1M,0.083333333,1M,FX/EUR/FX_EUR.csv,2026-06-02T15:20:07+00:00
FX,EUR,FX_EUR,EUR3m curncy,FX_EUR_3M,0.25,3M,FX/EUR/FX_EUR.csv,2026-06-02T15:20:07+00:00
FX,EUR,FX_EUR,EUR6m curncy,FX_EUR_6M,0.5,6M,FX/EUR/FX_EUR.csv,2026-06-02T15:20:07+00:00
FX,EUR,FX_EUR,EUR9m curncy,FX_EUR_9M,0.75,9M,FX/EUR/FX_EUR.csv,2026-06-02T15:20:07+00:00
FX,EUR,FX_EUR,EUR12m curncy,FX_EUR_12M,1,1Y,FX/EUR/FX_EUR.csv,2026-06-02T15:20:07+00:00
FX,EUR,FX_EUR,EUR2Y curncy,FX_EUR_2Y,2,2Y,FX/EUR/FX_EUR.csv,2026-06-02T15:20:07+00:00
FX,GBP,FX_GBP,GBP curncy,FX_GBP_SPOT,0,SPOT,FX/GBP/FX_GBP.csv,2026-06-02T15:20:07+00:00
FX,GBP,FX_GBP,GBP1W curncy,FX_GBP_1W,0.020833333,1W,FX/GBP/FX_GBP.csv,2026-06-02T15:20:07+00:00
FX,GBP,FX_GBP,GBP1M curncy,FX_GBP_1M,0.083333333,1M,FX/GBP/FX_GBP.csv,2026-06-02T15:20:07+00:00
FX,GBP,FX_GBP,GBP3m curncy,FX_GBP_3M,0.25,3M,FX/GBP/FX_GBP.csv,2026-06-02T15:20:07+00:00
FX,GBP,FX_GBP,GBP6m curncy,FX_GBP_6M,0.5,6M,FX/GBP/FX_GBP.csv,2026-06-02T15:20:07+00:00
FX,GBP,FX_GBP,GBP9m curncy,FX_GBP_9M,0.75,9M,FX/GBP/FX_GBP.csv,2026-06-02T15:20:07+00:00
FX,GBP,FX_GBP,GBP12m curncy,FX_GBP_12M,1,1Y,FX/GBP/FX_GBP.csv,2026-06-02T15:20:07+00:00
FX,GBP,FX_GBP,GBP2Y curncy,FX_GBP_2Y,2,2Y,FX/GBP/FX_GBP.csv,2026-06-02T15:20:07+00:00
FX,HKD,FX_HKD,HKD curncy,FX_HKD_SPOT,0,SPOT,FX/HKD/FX_HKD.csv,2026-06-02T15:20:03+00:00
FX,HKD,FX_HKD,HKD+1M curncy,FX_HKD_1M,0.083333333,1M,FX/HKD/FX_HKD.csv,2026-06-02T15:20:03+00:00
FX,HKD,FX_HKD,HKD+3m curncy,FX_HKD_3M,0.25,3M,FX/HKD/FX_HKD.csv,2026-06-02T15:20:03+00:00
FX,HKD,FX_HKD,HKD+6m curncy,FX_HKD_6M,0.5,6M,FX/HKD/FX_HKD.csv,2026-06-02T15:20:03+00:00
FX,HKD,FX_HKD,HKD+9m curncy,FX_HKD_9M,0.75,9M,FX/HKD/FX_HKD.csv,2026-06-02T15:20:03+00:00
FX,HKD,FX_HKD,HKD+12m curncy,FX_HKD_12M,1,1Y,FX/HKD/FX_HKD.csv,2026-06-02T15:20:03+00:00
FX,HKD,FX_HKD,HKD+2Y curncy,FX_HKD_2Y,2,2Y,FX/HKD/FX_HKD.csv,2026-06-02T15:20:03+00:00
FX,IDR,FX_IDR,IDR curncy,FX_IDR_SPOT,0,SPOT,FX/IDR/FX_IDR.csv,2026-06-02T15:20:04+00:00
FX,IDR,FX_IDR,IHN+1W curncy,FX_IDR_1W,0.020833333,1W,FX/IDR/FX_IDR.csv,2026-06-02T15:20:04+00:00
FX,IDR,FX_IDR,IHN+1M curncy,FX_IDR_1M,0.083333333,1M,FX/IDR/FX_IDR.csv,2026-06-02T15:20:04+00:00
FX,IDR,FX_IDR,IHN+3m curncy,FX_IDR_3M,0.25,3M,FX/IDR/FX_IDR.csv,2026-06-02T15:20:04+00:00
FX,IDR,FX_IDR,IHN+6m curncy,FX_IDR_6M,0.5,6M,FX/IDR/FX_IDR.csv,2026-06-02T15:20:04+00:00
FX,IDR,FX_IDR,IHN+9m curncy,FX_IDR_9M,0.75,9M,FX/IDR/FX_IDR.csv,2026-06-02T15:20:04+00:00
FX,IDR,FX_IDR,IHN+12m curncy,FX_IDR_12M,1,1Y,FX/IDR/FX_IDR.csv,2026-06-02T15:20:04+00:00
FX,IDR,FX_IDR,IHN+2Y curncy,FX_IDR_2Y,2,2Y,FX/IDR/FX_IDR.csv,2026-06-02T15:20:04+00:00
FX,ILS,FX_ILS,ILS curncy,FX_ILS_SPOT,0,SPOT,FX/ILS/FX_ILS.csv,2026-06-02T15:20:06+00:00
FX,ILS,FX_ILS,ILS1W curncy,FX_ILS_1W,0.020833333,1W,FX/ILS/FX_ILS.csv,2026-06-02T15:20:06+00:00
FX,ILS,FX_ILS,ILS1M curncy,FX_ILS_1M,0.083333333,1M,FX/ILS/FX_ILS.csv,2026-06-02T15:20:06+00:00
FX,ILS,FX_ILS,ILS3M curncy,FX_ILS_3M,0.25,3M,FX/ILS/FX_ILS.csv,2026-06-02T15:20:06+00:00
FX,ILS,FX_ILS,ILS6M curncy,FX_ILS_6M,0.5,6M,FX/ILS/FX_ILS.csv,2026-06-02T15:20:06+00:00
FX,ILS,FX_ILS,ILS9M curncy,FX_ILS_9M,0.75,9M,FX/ILS/FX_ILS.csv,2026-06-02T15:20:06+00:00
FX,ILS,FX_ILS,ILS12M curncy,FX_ILS_12M,1,1Y,FX/ILS/FX_ILS.csv,2026-06-02T15:20:06+00:00
FX,ILS,FX_ILS,ILS18M curncy,FX_ILS_18M,1.5,18M,FX/ILS/FX_ILS.csv,2026-06-02T15:20:06+00:00
FX,ILS,FX_ILS,ILS2Y curncy,FX_ILS_2Y,2,2Y,FX/ILS/FX_ILS.csv,2026-06-02T15:20:06+00:00
FX,INR,FX_INR,INR curncy,FX_INR_SPOT,0,SPOT,FX/INR/FX_INR.csv,2026-06-02T15:20:06+00:00
FX,INR,FX_INR,IRN+1W curncy,FX_INR_1W,0.020833333,1W,FX/INR/FX_INR.csv,2026-06-02T15:20:06+00:00
FX,INR,FX_INR,IRN+1M curncy,FX_INR_1M,0.083333333,1M,FX/INR/FX_INR.csv,2026-06-02T15:20:06+00:00
FX,INR,FX_INR,IRN+3m curncy,FX_INR_3M,0.25,3M,FX/INR/FX_INR.csv,2026-06-02T15:20:06+00:00
FX,INR,FX_INR,IRN+6m curncy,FX_INR_6M,0.5,6M,FX/INR/FX_INR.csv,2026-06-02T15:20:06+00:00
FX,INR,FX_INR,IRN+9m curncy,FX_INR_9M,0.75,9M,FX/INR/FX_INR.csv,2026-06-02T15:20:06+00:00
FX,INR,FX_INR,IRN+12m curncy,FX_INR_12M,1,1Y,FX/INR/FX_INR.csv,2026-06-02T15:20:06+00:00
FX,INR,FX_INR,IRN+2Y curncy,FX_INR_2Y,2,2Y,FX/INR/FX_INR.csv,2026-06-02T15:20:06+00:00
FX,JPY,FX_JPY,JPY curncy,FX_JPY_SPOT,0,SPOT,FX/JPY/FX_JPY.csv,2026-06-02T15:20:04+00:00
FX,JPY,FX_JPY,JPY1W curncy,FX_JPY_1W,0.020833333,1W,FX/JPY/FX_JPY.csv,2026-06-02T15:20:04+00:00
FX,JPY,FX_JPY,JPY1M curncy,FX_JPY_1M,0.083333333,1M,FX/JPY/FX_JPY.csv,2026-06-02T15:20:04+00:00
FX,JPY,FX_JPY,JPY3m curncy,FX_JPY_3M,0.25,3M,FX/JPY/FX_JPY.csv,2026-06-02T15:20:04+00:00
FX,JPY,FX_JPY,JPY6m curncy,FX_JPY_6M,0.5,6M,FX/JPY/FX_JPY.csv,2026-06-02T15:20:04+00:00
FX,JPY,FX_JPY,JPY9m curncy,FX_JPY_9M,0.75,9M,FX/JPY/FX_JPY.csv,2026-06-02T15:20:04+00:00
FX,JPY,FX_JPY,JPY12m curncy,FX_JPY_12M,1,1Y,FX/JPY/FX_JPY.csv,2026-06-02T15:20:04+00:00
FX,JPY,FX_JPY,JPY2Y curncy,FX_JPY_2Y,2,2Y,FX/JPY/FX_JPY.csv,2026-06-02T15:20:04+00:00
FX,KRW,FX_KRW,KRW curncy,FX_KRW_SPOT,0,SPOT,FX/KRW/FX_KRW.csv,2026-06-02T15:20:03+00:00
FX,KRW,FX_KRW,KWN+1W curncy,FX_KRW_1W,0.020833333,1W,FX/KRW/FX_KRW.csv,2026-06-02T15:20:03+00:00
FX,KRW,FX_KRW,KWN+1M curncy,FX_KRW_1M,0.083333333,1M,FX/KRW/FX_KRW.csv,2026-06-02T15:20:03+00:00
FX,KRW,FX_KRW,KWN+3m curncy,FX_KRW_3M,0.25,3M,FX/KRW/FX_KRW.csv,2026-06-02T15:20:03+00:00
FX,KRW,FX_KRW,KWN+6m curncy,FX_KRW_6M,0.5,6M,FX/KRW/FX_KRW.csv,2026-06-02T15:20:03+00:00
FX,KRW,FX_KRW,KWN+9m curncy,FX_KRW_9M,0.75,9M,FX/KRW/FX_KRW.csv,2026-06-02T15:20:03+00:00
FX,KRW,FX_KRW,KWN+12m curncy,FX_KRW_12M,1,1Y,FX/KRW/FX_KRW.csv,2026-06-02T15:20:03+00:00
FX,KRW,FX_KRW,KWN+2Y curncy,FX_KRW_2Y,2,2Y,FX/KRW/FX_KRW.csv,2026-06-02T15:20:03+00:00
FX,MXN,FX_MXN,MXN CURNCY,FX_MXN_SPOT,0,SPOT,FX/MXN/FX_MXN.csv,2026-06-02T15:20:06+00:00
FX,MXN,FX_MXN,MXN1W Curncy,FX_MXN_1W,0.020833333,1W,FX/MXN/FX_MXN.csv,2026-06-02T15:20:06+00:00
FX,MXN,FX_MXN,MXN1M Curncy,FX_MXN_1M,0.083333333,1M,FX/MXN/FX_MXN.csv,2026-06-02T15:20:06+00:00
FX,MXN,FX_MXN,MXN3M CURNCY,FX_MXN_3M,0.25,3M,FX/MXN/FX_MXN.csv,2026-06-02T15:20:06+00:00
FX,MXN,FX_MXN,MXN6M CURNCY,FX_MXN_6M,0.5,6M,FX/MXN/FX_MXN.csv,2026-06-02T15:20:06+00:00
FX,MXN,FX_MXN,MXN9M CURNCY,FX_MXN_9M,0.75,9M,FX/MXN/FX_MXN.csv,2026-06-02T15:20:06+00:00
FX,MXN,FX_MXN,MXN12M CURNCY,FX_MXN_12M,1,1Y,FX/MXN/FX_MXN.csv,2026-06-02T15:20:06+00:00
FX,MXN,FX_MXN,MXN2Y CURNCY,FX_MXN_2Y,2,2Y,FX/MXN/FX_MXN.csv,2026-06-02T15:20:06+00:00
FX,MYR,FX_MYR,MYR curncy,FX_MYR_SPOT,0,SPOT,FX/MYR/FX_MYR.csv,2026-06-02T15:20:05+00:00
FX,MYR,FX_MYR,MRN+1W curncy,FX_MYR_1W,0.020833333,1W,FX/MYR/FX_MYR.csv,2026-06-02T15:20:05+00:00
FX,MYR,FX_MYR,MRN+1M curncy,FX_MYR_1M,0.083333333,1M,FX/MYR/FX_MYR.csv,2026-06-02T15:20:05+00:00
FX,MYR,FX_MYR,MRN+3m curncy,FX_MYR_3M,0.25,3M,FX/MYR/FX_MYR.csv,2026-06-02T15:20:05+00:00
FX,MYR,FX_MYR,MRN+6m curncy,FX_MYR_6M,0.5,6M,FX/MYR/FX_MYR.csv,2026-06-02T15:20:05+00:00
FX,MYR,FX_MYR,MRN+9m curncy,FX_MYR_9M,0.75,9M,FX/MYR/FX_MYR.csv,2026-06-02T15:20:05+00:00
FX,MYR,FX_MYR,MRN+12m curncy,FX_MYR_12M,1,1Y,FX/MYR/FX_MYR.csv,2026-06-02T15:20:05+00:00
FX,MYR,FX_MYR,MRN+2Y curncy,FX_MYR_2Y,2,2Y,FX/MYR/FX_MYR.csv,2026-06-02T15:20:05+00:00
FX,NOK,FX_NOK,NOK curncy,FX_NOK_SPOT,0,SPOT,FX/NOK/FX_NOK.csv,2026-06-02T15:20:06+00:00
FX,NOK,FX_NOK,NOK1W curncy,FX_NOK_1W,0.020833333,1W,FX/NOK/FX_NOK.csv,2026-06-02T15:20:06+00:00
FX,NOK,FX_NOK,NOK1M curncy,FX_NOK_1M,0.083333333,1M,FX/NOK/FX_NOK.csv,2026-06-02T15:20:06+00:00
FX,NOK,FX_NOK,NOK3m curncy,FX_NOK_3M,0.25,3M,FX/NOK/FX_NOK.csv,2026-06-02T15:20:06+00:00
FX,NOK,FX_NOK,NOK6m curncy,FX_NOK_6M,0.5,6M,FX/NOK/FX_NOK.csv,2026-06-02T15:20:06+00:00
FX,NOK,FX_NOK,NOK9m curncy,FX_NOK_9M,0.75,9M,FX/NOK/FX_NOK.csv,2026-06-02T15:20:06+00:00
FX,NOK,FX_NOK,NOK12m curncy,FX_NOK_12M,1,1Y,FX/NOK/FX_NOK.csv,2026-06-02T15:20:06+00:00
FX,NOK,FX_NOK,NOK2Y curncy,FX_NOK_2Y,2,2Y,FX/NOK/FX_NOK.csv,2026-06-02T15:20:06+00:00
FX,NZD,FX_NZD,NZD curncy,FX_NZD_SPOT,0,SPOT,FX/NZD/FX_NZD.csv,2026-06-02T15:20:07+00:00
FX,NZD,FX_NZD,NZD1W curncy,FX_NZD_1W,0.020833333,1W,FX/NZD/FX_NZD.csv,2026-06-02T15:20:07+00:00
FX,NZD,FX_NZD,NZD1M curncy,FX_NZD_1M,0.083333333,1M,FX/NZD/FX_NZD.csv,2026-06-02T15:20:07+00:00
FX,NZD,FX_NZD,NZD3m curncy,FX_NZD_3M,0.25,3M,FX/NZD/FX_NZD.csv,2026-06-02T15:20:07+00:00
FX,NZD,FX_NZD,NZD6m curncy,FX_NZD_6M,0.5,6M,FX/NZD/FX_NZD.csv,2026-06-02T15:20:07+00:00
FX,NZD,FX_NZD,NZD9m curncy,FX_NZD_9M,0.75,9M,FX/NZD/FX_NZD.csv,2026-06-02T15:20:07+00:00
FX,NZD,FX_NZD,NZD12m curncy,FX_NZD_12M,1,1Y,FX/NZD/FX_NZD.csv,2026-06-02T15:20:07+00:00
FX,NZD,FX_NZD,NZD2Y curncy,FX_NZD_2Y,2,2Y,FX/NZD/FX_NZD.csv,2026-06-02T15:20:07+00:00
FX,PHP,FX_PHP,PHP curncy,FX_PHP_SPOT,0,SPOT,FX/PHP/FX_PHP.csv,2026-06-02T15:20:04+00:00
FX,PHP,FX_PHP,PPN+1W curncy,FX_PHP_1W,0.020833333,1W,FX/PHP/FX_PHP.csv,2026-06-02T15:20:04+00:00
FX,PHP,FX_PHP,PPN+1M curncy,FX_PHP_1M,0.083333333,1M,FX/PHP/FX_PHP.csv,2026-06-02T15:20:04+00:00
FX,PHP,FX_PHP,PPN+3m curncy,FX_PHP_3M,0.25,3M,FX/PHP/FX_PHP.csv,2026-06-02T15:20:04+00:00
FX,PHP,FX_PHP,PPN+6m curncy,FX_PHP_6M,0.5,6M,FX/PHP/FX_PHP.csv,2026-06-02T15:20:04+00:00
FX,PHP,FX_PHP,PPN+9m curncy,FX_PHP_9M,0.75,9M,FX/PHP/FX_PHP.csv,2026-06-02T15:20:04+00:00
FX,PHP,FX_PHP,PPN+12m curncy,FX_PHP_12M,1,1Y,FX/PHP/FX_PHP.csv,2026-06-02T15:20:04+00:00
FX,PHP,FX_PHP,PPN+2Y curncy,FX_PHP_2Y,2,2Y,FX/PHP/FX_PHP.csv,2026-06-02T15:20:04+00:00
FX,PLN,FX_PLN,PLN Curncy,FX_PLN_SPOT,0,SPOT,FX/PLN/FX_PLN.csv,2026-06-02T15:20:06+00:00
FX,PLN,FX_PLN,PLN1W Curncy,FX_PLN_1W,0.020833333,1W,FX/PLN/FX_PLN.csv,2026-06-02T15:20:06+00:00
FX,PLN,FX_PLN,PLN2W Curncy,FX_PLN_2W,0.041666666,2W,FX/PLN/FX_PLN.csv,2026-06-02T15:20:06+00:00
FX,PLN,FX_PLN,PLN3W Curncy,FX_PLN_3W,0.062499999,3W,FX/PLN/FX_PLN.csv,2026-06-02T15:20:06+00:00
FX,PLN,FX_PLN,PLN1M Curncy,FX_PLN_1M,0.083333333,1M,FX/PLN/FX_PLN.csv,2026-06-02T15:20:06+00:00
FX,PLN,FX_PLN,PLN2M Curncy,FX_PLN_2M,0.166666667,2M,FX/PLN/FX_PLN.csv,2026-06-02T15:20:06+00:00
FX,PLN,FX_PLN,PLN3M Curncy,FX_PLN_3M,0.25,3M,FX/PLN/FX_PLN.csv,2026-06-02T15:20:06+00:00
FX,PLN,FX_PLN,PLN4M Curncy,FX_PLN_4M,0.333333333,4M,FX/PLN/FX_PLN.csv,2026-06-02T15:20:06+00:00
FX,PLN,FX_PLN,PLN5M Curncy,FX_PLN_5M,0.416666667,5M,FX/PLN/FX_PLN.csv,2026-06-02T15:20:06+00:00
FX,PLN,FX_PLN,PLN6M Curncy,FX_PLN_6M,0.5,6M,FX/PLN/FX_PLN.csv,2026-06-02T15:20:06+00:00
FX,PLN,FX_PLN,PLN9M Curncy,FX_PLN_9M,0.75,9M,FX/PLN/FX_PLN.csv,2026-06-02T15:20:06+00:00
FX,PLN,FX_PLN,PLN12M Curncy,FX_PLN_12M,1,1Y,FX/PLN/FX_PLN.csv,2026-06-02T15:20:06+00:00
FX,PLN,FX_PLN,PLN2Y Curncy,FX_PLN_2Y,2,2Y,FX/PLN/FX_PLN.csv,2026-06-02T15:20:06+00:00
FX,SEK,FX_SEK,SEK curncy,FX_SEK_SPOT,0,SPOT,FX/SEK/FX_SEK.csv,2026-06-02T15:20:06+00:00
FX,SEK,FX_SEK,SEK1W curncy,FX_SEK_1W,0.020833333,1W,FX/SEK/FX_SEK.csv,2026-06-02T15:20:06+00:00
FX,SEK,FX_SEK,SEK1M curncy,FX_SEK_1M,0.083333333,1M,FX/SEK/FX_SEK.csv,2026-06-02T15:20:06+00:00
FX,SEK,FX_SEK,SEK3m curncy,FX_SEK_3M,0.25,3M,FX/SEK/FX_SEK.csv,2026-06-02T15:20:06+00:00
FX,SEK,FX_SEK,SEK6m curncy,FX_SEK_6M,0.5,6M,FX/SEK/FX_SEK.csv,2026-06-02T15:20:06+00:00
FX,SEK,FX_SEK,SEK9m curncy,FX_SEK_9M,0.75,9M,FX/SEK/FX_SEK.csv,2026-06-02T15:20:06+00:00
FX,SEK,FX_SEK,SEK12m curncy,FX_SEK_12M,1,1Y,FX/SEK/FX_SEK.csv,2026-06-02T15:20:06+00:00
FX,SEK,FX_SEK,SEK2Y curncy,FX_SEK_2Y,2,2Y,FX/SEK/FX_SEK.csv,2026-06-02T15:20:06+00:00
FX,SGD,FX_SGD,SGD curncy,FX_SGD_SPOT,0,SPOT,FX/SGD/FX_SGD.csv,2026-06-02T15:20:03+00:00
FX,SGD,FX_SGD,SGD1W curncy,FX_SGD_1W,0.020833333,1W,FX/SGD/FX_SGD.csv,2026-06-02T15:20:03+00:00
FX,SGD,FX_SGD,SGD2W curncy,FX_SGD_2W,0.041666666,2W,FX/SGD/FX_SGD.csv,2026-06-02T15:20:03+00:00
FX,SGD,FX_SGD,SGD3W curncy,FX_SGD_3W,0.062499999,3W,FX/SGD/FX_SGD.csv,2026-06-02T15:20:03+00:00
FX,SGD,FX_SGD,SGD1M curncy,FX_SGD_1M,0.083333333,1M,FX/SGD/FX_SGD.csv,2026-06-02T15:20:03+00:00
FX,SGD,FX_SGD,SGD2M curncy,FX_SGD_2M,0.166666666,2M,FX/SGD/FX_SGD.csv,2026-06-02T15:20:03+00:00
FX,SGD,FX_SGD,SGD3M curncy,FX_SGD_3M,0.25,3M,FX/SGD/FX_SGD.csv,2026-06-02T15:20:03+00:00
FX,SGD,FX_SGD,SGD4M curncy,FX_SGD_4M,0.333333332,4M,FX/SGD/FX_SGD.csv,2026-06-02T15:20:03+00:00
FX,SGD,FX_SGD,SGD5M curncy,FX_SGD_5M,0.416666665,5M,FX/SGD/FX_SGD.csv,2026-06-02T15:20:03+00:00
FX,SGD,FX_SGD,SGD6M curncy,FX_SGD_6M,0.5,6M,FX/SGD/FX_SGD.csv,2026-06-02T15:20:03+00:00
FX,SGD,FX_SGD,SGD9M curncy,FX_SGD_9M,0.75,9M,FX/SGD/FX_SGD.csv,2026-06-02T15:20:03+00:00
FX,SGD,FX_SGD,SGD12M curncy,FX_SGD_12M,1,1Y,FX/SGD/FX_SGD.csv,2026-06-02T15:20:03+00:00
FX,SGD,FX_SGD,SGD18M curncy,FX_SGD_18M,1.5,18M,FX/SGD/FX_SGD.csv,2026-06-02T15:20:03+00:00
FX,SGD,FX_SGD,SGD2Y curncy,FX_SGD_2Y,2,2Y,FX/SGD/FX_SGD.csv,2026-06-02T15:20:03+00:00
FX,THB,FX_THB,THB curncy,FX_THB_SPOT,0,SPOT,FX/THB/FX_THB.csv,2026-06-02T15:20:06+00:00
FX,THB,FX_THB,THB1W curncy,FX_THB_1W,0.020833333,1W,FX/THB/FX_THB.csv,2026-06-02T15:20:06+00:00
FX,THB,FX_THB,THB1M curncy,FX_THB_1M,0.083333333,1M,FX/THB/FX_THB.csv,2026-06-02T15:20:06+00:00
FX,THB,FX_THB,THB3m curncy,FX_THB_3M,0.25,3M,FX/THB/FX_THB.csv,2026-06-02T15:20:06+00:00
FX,THB,FX_THB,THB6m curncy,FX_THB_6M,0.5,6M,FX/THB/FX_THB.csv,2026-06-02T15:20:06+00:00
FX,THB,FX_THB,THB9m curncy,FX_THB_9M,0.75,9M,FX/THB/FX_THB.csv,2026-06-02T15:20:06+00:00
FX,THB,FX_THB,THB12m curncy,FX_THB_12M,1,1Y,FX/THB/FX_THB.csv,2026-06-02T15:20:06+00:00
FX,THB,FX_THB,THB2Y curncy,FX_THB_2Y,2,2Y,FX/THB/FX_THB.csv,2026-06-02T15:20:06+00:00
FX,TWD,FX_TWD,TWD curncy,FX_TWD_SPOT,0,SPOT,FX/TWD/FX_TWD.csv,2026-06-02T15:20:04+00:00
FX,TWD,FX_TWD,NTN+1W curncy,FX_TWD_1W,0.020833333,1W,FX/TWD/FX_TWD.csv,2026-06-02T15:20:04+00:00
FX,TWD,FX_TWD,NTN+1M curncy,FX_TWD_1M,0.083333333,1M,FX/TWD/FX_TWD.csv,2026-06-02T15:20:04+00:00
FX,TWD,FX_TWD,NTN+3m curncy,FX_TWD_3M,0.25,3M,FX/TWD/FX_TWD.csv,2026-06-02T15:20:04+00:00
FX,TWD,FX_TWD,NTN+6m curncy,FX_TWD_6M,0.5,6M,FX/TWD/FX_TWD.csv,2026-06-02T15:20:04+00:00
FX,TWD,FX_TWD,NTN+9m curncy,FX_TWD_9M,0.75,9M,FX/TWD/FX_TWD.csv,2026-06-02T15:20:04+00:00
FX,TWD,FX_TWD,NTN+12m curncy,FX_TWD_12M,1,1Y,FX/TWD/FX_TWD.csv,2026-06-02T15:20:04+00:00
FX,TWD,FX_TWD,NTN+2Y curncy,FX_TWD_2Y,2,2Y,FX/TWD/FX_TWD.csv,2026-06-02T15:20:04+00:00
